"year","region","grupo_exportacion","tons","value"
2013,0,"algas",26.80996,51230
2013,0,"almejas",0.41474,40
2013,0,"bacalado_profundo",0.02402,44.79
2013,0,"caracol",0.09747,187.5
2013,0,"centolla",0.12533,710.04
2013,0,"culengues",0.00066,15
2013,0,"erizo",0.04066,72.82
2013,0,"jaiba",0.00066,15
2013,0,"jurel",3.865,1350
2013,0,"langostinos",0.35016,1658.3
2013,0,"loco",0.03125,50
2013,0,"macha",0.00066,15
2013,0,"mejillones",1.42695,1181.19
2013,0,"merluza",0.32983,149.66
2013,0,"navajas",0.08446,181
2013,0,"navajuelas",0.00353,45.6
2013,0,"ostion",0.01127,50.9
2013,0,"pez espada",13.05225,56022.4
2013,0,"reineta",0.25966,314.24
2013,0,"salmon",0.53612,1199.39
2013,0,"salmones",28.36183,122497.69
2013,0,"sardinas",0.0045,200
2013,0,"trucha",0.407,2930.92
2013,1,"algas",10871.0768,16727568.63
2013,1,"bacalado_profundo",0.521,10365.73
2013,1,"erizo",5.8425,74856.9
2013,1,"jurel",75.395,44060.45
2013,1,"mejillones",25.5,83507.84
2013,1,"salmones",20.90754,86932.88
2013,2,"algas",8792.143,14240032.85
2013,2,"salmon",24.2,80675
2013,2,"salmones",45.00069,338932.76
2013,2,"sardinas",24.15,14950
2013,3,"algas",28186.7288,40563755.15
2013,3,"bacalado_profundo",27.58518,686667.03
2013,3,"erizo",2.709,35151.44
2013,3,"pez espada",40.19203,244317.04
2013,4,"abalones",0.51751,10838.92
2013,4,"algas",19258.635,32905474.62
2013,4,"bacalado_profundo",37.72548,963740.94
2013,4,"camaron",179.5128,1840757.66
2013,4,"caracol",55.717,383163.95
2013,4,"centolla",2.517,30039.08
2013,4,"cojinobas",3.9955,3615.6
2013,4,"jaiba",2.298,40932
2013,4,"jurel",1907.4379,2795734.75
2013,4,"langostas",15.032,517578.45
2013,4,"langostinos",289.45584,4951492.64
2013,4,"mejillones",10.63,23035.71
2013,4,"merluza",0.355,2085.9
2013,4,"ostion",74.4982,696940.46
2013,4,"ostras",8.063,374091.51
2013,4,"pez espada",1221.80959,10030542.79
2013,4,"salmones",106.46276,751318.52
2013,4,"trucha",25.184,152764.71
2013,5,"abalones",0.35651,7099.05
2013,5,"algas",3732.33626,6829340.95
2013,5,"anguilas",70.8,153098
2013,5,"bacalado_profundo",223.84843,4491977.77
2013,5,"camaron",258.76017,2565617
2013,5,"caracol",0.968,8098.72
2013,5,"centolla",278.85168,2692753
2013,5,"congrio",3.235,38391.46
2013,5,"gamba",1.12273,4200
2013,5,"jaiba",103.5938,727851.96
2013,5,"langostas",0.73,23417.21
2013,5,"loco",5.949,120763.42
2013,5,"mejillones",285.5235,732665.45
2013,5,"merluza",25.03748,144262.53
2013,5,"pez espada",20.021,164828.33
2013,5,"salmon",39.1415,135232.13
2013,5,"salmones",334.94233,2326883.64
2013,5,"trucha",50.0625,191663.88
2013,6,"algas",744.3557,1958820.04
2013,6,"ostion",1.831,14581.3
2013,6,"salmon",465.09156,1622429.29
2013,6,"salmones",230.29296,1402395.55
2013,6,"trucha",313.941,2099855.63
2013,7,"caracol",3.75,25039.46
2013,7,"congrio",0.021,1000
2013,7,"culengues",0.625,5400.66
2013,7,"jurel",211.68,276595.2
2013,7,"loco",6.075,112434.21
2013,7,"macha",2.22,23566.53
2013,7,"navajas",22.5436,170068.22
2013,7,"navajuelas",5.5306,20432.37
2013,7,"pez espada",15.474,114117.32
2013,7,"salmones",23.83,148670.98
2013,8,"abalones",10.56,466713.68
2013,8,"algas",7863.7032,22044235.31
2013,8,"almejas",0.2592,720
2013,8,"atun",29.5851,126776.39
2013,8,"bacalado_profundo",369.35886,5235981.32
2013,8,"caracol",24.92519,186603.3
2013,8,"centolla",58.3731,1134414.45
2013,8,"corvina",3.38,3250
2013,8,"culengues",154.445,1380696.73
2013,8,"erizo",58.1856,1313170.49
2013,8,"jaiba",10.2954,126698.68
2013,8,"jurel",92838.29878,123971803.14
2013,8,"langostinos",60.1496,1115411.32
2013,8,"loco",286.37178,4636112.32
2013,8,"macha",1.03124,10150
2013,8,"mejillones",299.71243,882032.08
2013,8,"merluza",3442.22352,8904278.8
2013,8,"navajas",481.57545,4253466.67
2013,8,"navajuelas",447.743,2628550.11
2013,8,"pejerreyes",305.5554,570565.71
2013,8,"pez espada",236.25728,1867887.49
2013,8,"reineta",275.6861,211377.25
2013,8,"salmon",3315.244,12995282.33
2013,8,"salmones",3604.97475,24340150.81
2013,8,"trucha",2585.5288,14591950.87
2013,9,"algas",100.595,332029
2013,9,"centolla",11.0985,312465.22
2013,9,"salmon",146.85,577635
2013,9,"salmones",4.55,33700.27
2013,10,"algas",2634.0812,5963814.87
2013,10,"almejas",485.31907,3068543.83
2013,10,"bacalado_profundo",975.96953,19219836.91
2013,10,"caballas",38.2198,31612
2013,10,"camaron",0.035,359.4
2013,10,"caracol",24.97505,153381.48
2013,10,"centolla",786.57215,7817358.78
2013,10,"cojinobas",3.33567,10520.35
2013,10,"congrio",67.53565,515490.22
2013,10,"culengues",133.1313,1244089.5
2013,10,"erizo",290.923,6485555.18
2013,10,"jaiba",141.37366,1492083.39
2013,10,"jurel",39302.2037,43066058.66
2013,10,"langostinos",659.08836,11282125.35
2013,10,"loco",96.56078,1944617.78
2013,10,"macha",86.16199,659197.95
2013,10,"mejillones",68600.44523,179368654.66
2013,10,"merluza",5193.94136,17852579.9
2013,10,"navajas",301.00339,2711754.57
2013,10,"navajuelas",988.25398,5577107.51
2013,10,"ostion",5.21861,46516.87
2013,10,"pejerreyes",124.7872,259413.09
2013,10,"pepino",35.7194,893711.34
2013,10,"pez espada",247.72802,1969127.98
2013,10,"pulpo",1.037,19134
2013,10,"reineta",21.78447,33031.28
2013,10,"salmon",104069.46608,416122945.6
2013,10,"salmones",303538.20482,2026634173.54
2013,10,"sardinas",26.96832,30973.14
2013,10,"trucha",111577.02365,715028673.11
2013,11,"bacalado_profundo",12.75295,228378.6
2013,11,"brotula",13.99398,28128.33
2013,11,"centolla",74.98574,518925.2
2013,11,"cojinobas",158.78507,472663.78
2013,11,"congrio",286.21832,1655422.21
2013,11,"jaiba",79.83214,639803.34
2013,11,"merluza",5322.49296,19136971.33
2013,11,"reineta",94.058,139962.99
2013,11,"salmon",13895.92935,34410657.95
2013,11,"salmones",15146.57626,89666861.27
2013,11,"trucha",3381.35966,14118805.26
2013,12,"bacalado_profundo",2191.56437,38235564.66
2013,12,"brotula",229.1811,438273.86
2013,12,"centolla",3367.92232,37750646.42
2013,12,"cojinobas",1234.57051,4112931.85
2013,12,"congrio",391.22078,2265978.66
2013,12,"draco_rayado",247.10344,1909885.78
2013,12,"erizo",81.4356,1716560.01
2013,12,"jaiba",113.9659,1132259.32
2013,12,"mejillones",2.233,4060
2013,12,"merluza",8088.06484,23525384.71
2013,12,"navajas",55.88882,337157.83
2013,12,"ostion",38.47311,471912.82
2013,12,"pez espada",4.30694,39126.19
2013,12,"reineta",21.84898,21751.12
2013,12,"salmon",309.67773,1270573.53
2013,12,"salmones",17080.66558,108417099.41
2013,12,"trucha",2662.57274,11109554.57
2013,13,"algas",284.6215,492923.9
2013,13,"almejas",64.53132,552457.44
2013,13,"anguilas",0.195,2250
2013,13,"atun",9.82259,204887.57
2013,13,"bacalado_profundo",74.15066,1342517.44
2013,13,"camaron",67.477,720862.94
2013,13,"centolla",43.43375,468917.5
2013,13,"congrio",5.148,63350.29
2013,13,"erizo",29.461,843332.65
2013,13,"jurel",121.44,96000
2013,13,"loco",3.525,60893.95
2013,13,"macha",13.67406,107174.47
2013,13,"mejillones",699.17623,2855201.56
2013,13,"merluza",2.958,19956.87
2013,13,"navajas",6.7154,69877.11
2013,13,"navajuelas",40.13394,360701.92
2013,13,"ostion",3.25024,45450.6
2013,13,"pepino",0.04,1600
2013,13,"pez espada",80.18774,569244.72
2013,13,"salmon",43.4438,284820
2013,13,"salmones",407.96964,3848641.81
2013,13,"trucha",46.581,355439.35
2013,14,"algas",8.0785,18510.75
2013,14,"bacalado_profundo",17.5749,372290.96
2013,14,"centolla",11.73319,151115.52
2013,14,"salmon",14.685,56588.24
2013,14,"salmones",58.71915,422434.81
2013,14,"trucha",446.0987,2243308.26
2013,15,"anchoas",0.386,580.36
2013,15,"anchoveta",72.95399,554956.19
2013,15,"corvina",47.947,40772
2013,15,"erizo",4.4715,67693.25
2013,15,"jurel",23.1,35200
2013,20,"anchoveta",23.14268,174082.61
2013,20,"bacalado_profundo",14.94765,165956.63
2013,20,"bagre",52.5,160000
2013,20,"jurel",43.128,66489
2013,20,"mahi_mahi",18.6004,225078.65
2013,20,"mejillones",62,190449.27
2013,20,"salmones",9.73175,75814.43
2013,20,"sardinas",5.39932,25719
2013,NA,"abalones",0.04,1320
2013,NA,"algas",0.508,148.94
2013,NA,"anguilas",0.038,123.2
2013,NA,"atun",0.055,260.36
2013,NA,"bacalado_profundo",0.012,10
2013,NA,"centolla",0.807,5752.61
2013,NA,"erizo",0.015,3.25
2013,NA,"jaiba",0.025,10
2013,NA,"jurel",0.258,80
2013,NA,"langostas",0.02,768.5
2013,NA,"mejillones",0.306,1790.9
2013,NA,"merluza",0.1903,827.53
2013,NA,"ostion",0.04,100
2013,NA,"pejerreyes",0.028,165
2013,NA,"pepino",0.042,135.5
2013,NA,"salmon",0.39,1969.84
2013,NA,"salmones",2.77325,8473.14
2013,NA,"sardinas",0.251,240
2013,NA,"trucha",0.402,511.39
2013,NA,"varios_pescados",0.048,23.6
2014,0,"algas",1.61774,104672.35
2014,0,"almejas",0.003,1
2014,0,"bacalado_profundo",0.05781,225.97
2014,0,"camaron",0.02,203
2014,0,"caracol",0.08584,110.66
2014,0,"centolla",0.10493,1098.16
2014,0,"erizo",0.16045,3161.45
2014,0,"jaiba",0.1212,170.26
2014,0,"jurel",0.12692,42
2014,0,"langostinos",0.04681,30.41
2014,0,"loco",0.03329,66
2014,0,"mejillones",0.7355,727.62
2014,0,"merluza",0.23611,335.5
2014,0,"navajas",0.01029,17.67
2014,0,"navajuelas",0.007,26.5
2014,0,"pepino",0.105,100
2014,0,"pez espada",0.0213,100
2014,0,"salmon",0.15027,1035.12
2014,0,"salmones",7.55857,26960.26
2014,0,"trucha",0.45319,1103.89
2014,1,"algas",8499.4694,13131621.95
2014,1,"bacalado_profundo",4.52489,104255.85
2014,1,"erizo",15.775,243335.5
2014,1,"jurel",24.8,10488
2014,2,"algas",6146.496,9186503.62
2014,2,"caracol",6.573,48318
2014,2,"salmon",98.73694,459505.76
2014,2,"salmones",69.45296,512448.63
2014,2,"sardinas",25.739,15668.1
2014,3,"algas",26337.017,41110923.57
2014,3,"erizo",9.298,124924.6
2014,3,"salmones",29.493,296036.99
2014,4,"algas",12600.8145,27690800.68
2014,4,"bacalado_profundo",59.29579,1270769.29
2014,4,"caballas",55.41,106293
2014,4,"camaron",188.07556,2514766.7
2014,4,"caracol",11.24,70112.75
2014,4,"cojinobas",10.98,9936
2014,4,"jaiba",2.22684,41544
2014,4,"jurel",971.75408,1265507.26
2014,4,"langostas",10.789,421518.16
2014,4,"langostinos",235.82931,4364107.96
2014,4,"macha",0.22,1931.8
2014,4,"mejillones",7.6583,22887.56
2014,4,"navajuelas",9.072,31344.52
2014,4,"ostion",111.6724,1024276.41
2014,4,"ostras",3.659,462798.75
2014,4,"pez espada",941.80848,7269130.96
2014,4,"pulpo",1.508,6892.8
2014,4,"reineta",160.23762,130480.2
2014,4,"salmones",104.83013,751828.86
2014,4,"trucha",24.525,183050
2014,5,"algas",8793.8637,14700665.98
2014,5,"anguilas",1.236,2589.34
2014,5,"atun",19.812,122267.4
2014,5,"bacalado_profundo",167.27874,3106105.04
2014,5,"camaron",247.125,3030660
2014,5,"centolla",274.87505,3616783.3
2014,5,"congrio",3.226,34956
2014,5,"erizo",0.435,10371.35
2014,5,"jaiba",84.48924,716414.55
2014,5,"langostas",0.142,5209.09
2014,5,"langostinos",2.44,39997.5
2014,5,"loco",7.972,163129.44
2014,5,"mejillones",245.17284,657078.13
2014,5,"merluza",25.043,83181.55
2014,5,"pez espada",67.47482,444735.87
2014,5,"salmon",0.107,1762.23
2014,5,"salmones",569.75018,4254143.1
2014,6,"algas",1070.27678,2501777.64
2014,6,"salmon",317.69194,1560599.15
2014,6,"salmones",201.53924,1416618.89
2014,7,"bacalado_profundo",5.2904,124309.92
2014,7,"mejillones",8.7395,26000
2014,7,"pez espada",1.12,8089.02
2014,7,"salmones",80.96281,876098.4
2014,8,"abalones",2.3232,65270.39
2014,8,"algas",8913.5067,26922831.85
2014,8,"almejas",19.715,221864
2014,8,"bacalado_profundo",355.63671,6323297.6
2014,8,"caballas",115.018,170097.6
2014,8,"caracol",35.2614,387656.57
2014,8,"centolla",15.05852,319077.13
2014,8,"cojinobas",85.64933,237617.8
2014,8,"culengues",215.8568,1835153.58
2014,8,"erizo",8.56,175356.58
2014,8,"hirame",21.75,16387.5
2014,8,"jaiba",14.488,94136.68
2014,8,"jurel",100974.55191,123680096.03
2014,8,"langostinos",472.2038,8626776.1
2014,8,"loco",311.3003,4927050.2
2014,8,"macha",2.29894,20894.54
2014,8,"mejillones",500.36038,1355469.34
2014,8,"merluza",1917.96765,5451626.33
2014,8,"navajas",482.66713,4643413.15
2014,8,"navajuelas",488.24606,2636295.43
2014,8,"pejerreyes",161.809,323428.58
2014,8,"pez espada",180.23199,850193.78
2014,8,"reineta",1682.48125,1262109.14
2014,8,"salmon",852.3788,4917749.79
2014,8,"salmones",1834.58944,13292502.1
2014,8,"sardinas",1.052,452.22
2014,8,"trucha",92.731,655585.98
2014,9,"centolla",17.839,101059.17
2014,9,"salmon",47.50394,309950
2014,9,"salmones",29.21981,245819.32
2014,10,"algas",2559.3652,6575118.71
2014,10,"almejas",491.00537,3898759.85
2014,10,"atun",1.70449,35407.83
2014,10,"bacalado_profundo",694.7724,14626527.14
2014,10,"caballas",41.8,32998.06
2014,10,"camaron",39.576,549990.62
2014,10,"caracol",31.65738,227675.23
2014,10,"centolla",841.16263,10269755.59
2014,10,"congrio",68.74805,553104.14
2014,10,"culengues",159.4739,1481552.46
2014,10,"erizo",255.42114,7096821.66
2014,10,"hirame",217.5,184747.5
2014,10,"jaiba",178.04965,2101442.89
2014,10,"jurel",30560.2,33291387.24
2014,10,"langostinos",686.7754,12532287.79
2014,10,"loco",154.9508,3175179.92
2014,10,"macha",94.83927,873802.67
2014,10,"mejillones",67210.65872,184721504.41
2014,10,"merluza",4237.70778,16343524.22
2014,10,"navajas",354.41745,3220978.23
2014,10,"navajuelas",1202.75482,6110839.39
2014,10,"ostion",6.119,47802.44
2014,10,"pejerreyes",380.45168,787674.19
2014,10,"pepino",7.0726,188259.76
2014,10,"pez espada",550.50895,4299256.75
2014,10,"pulpo",21.6299,114992.55
2014,10,"reineta",174.265,134811.37
2014,10,"salmon",111993.03604,620542243.83
2014,10,"salmones",395846.98953,2771871225.58
2014,10,"sardinas",2.334,12012
2014,10,"trucha",76790.6844,667782963.71
2014,10,"varios_pescados",2.04,29480.4
2014,11,"bacalado_profundo",36.3199,731223.34
2014,11,"brotula",24.37651,51132.2
2014,11,"centolla",127.61223,1537583.04
2014,11,"cojinobas",513.86441,1445094.33
2014,11,"congrio",70.39244,409925.06
2014,11,"jaiba",49.95875,379903.86
2014,11,"merluza",2543.74594,9604247.77
2014,11,"pez espada",17.24563,138566.86
2014,11,"reineta",58.24258,72753.88
2014,11,"salmon",3486.62829,14962464.88
2014,11,"salmones",8508.26899,50458704.64
2014,11,"trucha",3903.28055,20012414.34
2014,12,"algas",68.774,276646
2014,12,"almejas",1.65,8511.99
2014,12,"anguilas",3.45,3260.5
2014,12,"bacalado_profundo",1729.45072,31839628.97
2014,12,"brotula",197.19827,464363
2014,12,"centolla",3726.9214,46400284.33
2014,12,"cojinobas",1850.6575,5737038.13
2014,12,"congrio",175.39916,959609.07
2014,12,"erizo",62.06809,1641102.5
2014,12,"jaiba",90.33784,864181.88
2014,12,"loco",0.848,15635.55
2014,12,"mejillones",17.884,67539.6
2014,12,"merluza",4797.96313,16189708.34
2014,12,"navajas",9.10333,74547.44
2014,12,"pepino",2.332,14548.45
2014,12,"pez espada",43.80723,289232.82
2014,12,"reineta",14.6,24850.9
2014,12,"salmon",622.35273,2649759.65
2014,12,"salmones",20084.67858,132254534.54
2014,12,"trucha",135.75776,970146.88
2014,13,"algas",240.1704,754102.37
2014,13,"atun",0.5044,10167.32
2014,13,"bacalado_profundo",35.9703,849941.77
2014,13,"camaron",10.8,142000
2014,13,"centolla",214.0114,2895288.69
2014,13,"congrio",4.278,58975.49
2014,13,"erizo",9.6538,260452.75
2014,13,"mejillones",293.55777,994818.95
2014,13,"pejerreyes",21.186,74072.39
2014,13,"pez espada",67.06947,479173.02
2014,13,"salmon",3.84916,68705.77
2014,13,"salmones",204.299,1458389.16
2014,13,"trucha",48.40796,286711.58
2014,14,"almejas",5.796,66518.33
2014,14,"bacalado_profundo",2.174,49415
2014,14,"centolla",5.85205,113020.08
2014,14,"congrio",1.51447,3784.5
2014,14,"mejillones",627.50246,1171784.68
2014,14,"merluza",106.42831,386146.84
2014,14,"reineta",0.338,610.8
2014,14,"salmon",47.54,219287.5
2014,14,"salmones",60.57363,470206.04
2014,14,"trucha",22.91288,105444.24
2014,15,"anchoveta",42.05268,270474.41
2014,15,"atun",81.32948,84482
2014,15,"bacalado_profundo",41.19086,1012510.91
2014,15,"centolla",6.81472,56177.8
2014,15,"cojinobas",114.1081,324071
2014,15,"congrio",23.00709,142044.61
2014,15,"corvina",2.52,3105
2014,15,"erizo",0.717,11047.5
2014,15,"jaiba",18.67948,117705.61
2014,15,"jurel",133.532,87892.2
2014,15,"mejillones",5.25,12981.39
2014,15,"merluza",250.51589,1255793.74
2014,15,"navajuelas",10.0224,57381.03
2014,15,"pez espada",17.37487,50133.12
2014,15,"reineta",619.39183,504231
2014,15,"salmones",460.1053,3099143.91
2014,15,"trucha",1360.06447,9668807.5
2014,20,"anchoveta",18.83608,134816.25
2014,20,"anguilas",18.8495,142681.43
2014,20,"bacalado_profundo",94.9459,2642806.5
2014,20,"merluza",69.006,220779.94
2014,20,"salmones",34.85619,327583
2014,NA,"algas",0.167,117.5
2014,NA,"atun",0.227,1558.25
2014,NA,"bacalado_profundo",0.036,30.2
2014,NA,"centolla",0.4866,3829.94
2014,NA,"erizo",0.1575,2549.44
2014,NA,"jaiba",0.355,2692.63
2014,NA,"jurel",0.361,2236.5
2014,NA,"loco",0.012,18
2014,NA,"mejillones",0.777,1201.91
2014,NA,"merluza",0.539,2072.3
2014,NA,"navajas",0.014,15
2014,NA,"ostion",0.01,95
2014,NA,"pepino",0.052,70
2014,NA,"pez espada",0.19,1041.13
2014,NA,"pulpo",0.025,780
2014,NA,"salmon",0.491,3838.71
2014,NA,"salmones",2.06432,11205.08
2014,NA,"trucha",0.28,681.43
2014,NA,"varios_pescados",0.062,886.5
2015,0,"algas",0.00965,58.8
2015,0,"atun",0.38203,3977
2015,0,"bacalado_profundo",14.04734,180384.25
2015,0,"bagre",26.4,26000
2015,0,"brotula",0.05677,44
2015,0,"calamar",2.90253,12512.88
2015,0,"camaron",0.96185,7768.46
2015,0,"caracol",0.01108,56
2015,0,"centolla",0.20684,624.04
2015,0,"cojinobas",0.025,23
2015,0,"corvina",0.015,10
2015,0,"culengues",0.00624,36
2015,0,"erizo",0.05324,373.11
2015,0,"jaiba",0.06079,263.45
2015,0,"langostinos",0.036,224
2015,0,"loco",21.89999,161123
2015,0,"mejillones",1.40514,1119.14
2015,0,"merluza",0.27924,60481.81
2015,0,"navajas",0.01864,59.83
2015,0,"navajuelas",0.01237,53.33
2015,0,"pejerreyes",0.053,30
2015,0,"pepino",0.258,1895
2015,0,"pez espada",0.01,10
2015,0,"salmon",0.6139,16416.86
2015,0,"salmones",7.86378,94553.95
2015,0,"trucha",1.171,4865.74
2015,1,"algas",5816.354,5863741.8
2015,1,"caracol",24,144500
2015,1,"erizo",32.177,476313.42
2015,2,"algas",12640.721,13728893.65
2015,2,"atun",23.575,18400
2015,2,"caracol",45.021,291981
2015,2,"erizo",0.49,2815
2015,2,"salmones",72.87149,390839.35
2015,2,"sardinas",39.667,27842
2015,3,"abalones",0.2904,10673.6
2015,3,"algas",23071.029,25502486.71
2015,3,"culengues",0.0252,195.85
2015,3,"erizo",13.018,181567.2
2015,3,"loco",0.0252,391.69
2015,3,"mejillones",25.812,74100
2015,3,"navajas",0.0252,195.85
2015,3,"navajuelas",0.0252,124.63
2015,3,"pez espada",61.725,329968.16
2015,3,"salmones",44.39587,424269.96
2015,4,"algas",15892.06093,25159996.75
2015,4,"bacalado_profundo",37.44066,1032928.95
2015,4,"caballas",27.05081,18910.8
2015,4,"camaron",114.68594,1457307.54
2015,4,"caracol",18.183,112443.38
2015,4,"centolla",0.059,841.32
2015,4,"jaiba",5.6483,99536
2015,4,"jurel",474.71127,316956.8
2015,4,"langostas",4.012,163369
2015,4,"langostinos",9.039,150072.6
2015,4,"mejillones",55.696,173059.4
2015,4,"navajuelas",1.1,6800
2015,4,"ostion",73.068,772226.91
2015,4,"ostras",5.084,895745.95
2015,4,"pez espada",920.12117,6743017.63
2015,4,"reineta",21.35,17710
2015,4,"salmones",46.704,213217.09
2015,5,"algas",541.3818,1096579
2015,5,"bacalado_profundo",214.87731,5375079.16
2015,5,"camaron",234.91294,2740369
2015,5,"centolla",552.53273,6651132.89
2015,5,"congrio",2.365,24300
2015,5,"jaiba",59.946,556433.71
2015,5,"jurel",5.495,9000
2015,5,"loco",26.086,458981.65
2015,5,"mejillones",143.498,451580.23
2015,5,"merluza",57.942,192501.28
2015,5,"pejerreyes",4.972,4353.7
2015,5,"pez espada",481.7522,3755653.66
2015,5,"reineta",1.1,2476.84
2015,5,"salmones",529.50834,3397280.27
2015,6,"algas",338.8395,843867.71
2015,6,"jurel",23.1,25426.5
2015,6,"salmon",267.72968,1398317.92
2015,6,"salmones",193.10745,1490495.62
2015,6,"trucha",227.1434,2019465.8
2015,7,"algas",7.2174,16658
2015,7,"anchoas",21.3575,17367.5
2015,7,"reineta",21.3575,17367.5
2015,7,"salmon",24.5824,128331.27
2015,7,"salmones",48.62445,379514.81
2015,8,"abalones",15.8582,407267.34
2015,8,"algas",6427.65448,19550388.14
2015,8,"atun",17.7989,79494.51
2015,8,"bacalado_profundo",251.94683,5406588.53
2015,8,"caballas",141.686,298114
2015,8,"caracol",17.92373,141154.15
2015,8,"centolla",232.49012,3051587.71
2015,8,"cojinobas",52.48441,90716.77
2015,8,"culengues",200.4106,1710029.73
2015,8,"erizo",58.2757,1385038.06
2015,8,"jurel",59591.75082,78625193.8
2015,8,"langostinos",774.66169,14282073.59
2015,8,"loco",150.54385,2329157.1
2015,8,"mejillones",433.69552,1228026.4
2015,8,"merluza",2006.54065,5024892.72
2015,8,"navajas",713.80924,6015188.82
2015,8,"navajuelas",467.68337,2356501.76
2015,8,"pejerreyes",235.3995,432336.29
2015,8,"pepino",7.863,57529.16
2015,8,"pez espada",304.06633,1732456.09
2015,8,"reineta",1555.59709,1141622.86
2015,8,"salmon",53.74071,168085.01
2015,8,"salmones",470.70665,2910114.52
2015,8,"trucha",4.1556,23660
2015,9,"centolla",1.64621,19737.01
2015,9,"jurel",234.38,288922.21
2015,9,"salmones",67.95896,519031.43
2015,9,"trucha",2.996,19985.45
2015,10,"algas",3141.071,7765551.44
2015,10,"almejas",495.91716,4188250.25
2015,10,"atun",13.5128,133759.39
2015,10,"bacalado_profundo",490.75385,12440575.08
2015,10,"brotula",0.941,1957.35
2015,10,"caballas",296.714,337733.43
2015,10,"caracol",8.10945,77495.06
2015,10,"centolla",384.07216,4761678.04
2015,10,"cojinobas",24.37574,50096.75
2015,10,"congrio",92.54208,517797.87
2015,10,"culengues",141.4565,1224528.75
2015,10,"erizo",323.41312,8330737.95
2015,10,"hirame",129.1,79495.82
2015,10,"jaiba",139.88049,1724963.47
2015,10,"jurel",25319.468,28121120.4
2015,10,"langostinos",271.57394,5310289.24
2015,10,"loco",132.2875,2269334.02
2015,10,"macha",28.9857,328931.3
2015,10,"mejillones",74369.34103,199302814.82
2015,10,"merluza",4427.39369,16706126.81
2015,10,"navajas",389.39284,3085038.78
2015,10,"navajuelas",1066.90281,5090122.8
2015,10,"ostion",0.0364,716.03
2015,10,"pejerreyes",189.5912,324278.58
2015,10,"pepino",0.511,8883.85
2015,10,"pez espada",219.66586,1711657.89
2015,10,"reineta",137.43884,126190
2015,10,"salmon",129092.9693,567433857.31
2015,10,"salmones",377964.1783,2139587649.04
2015,10,"sardinas",25.064,19640
2015,10,"trucha",64911.40935,400243279.99
2015,11,"bacalado_profundo",25.6045,287629.8
2015,11,"brotula",5.7775,11591.49
2015,11,"centolla",88.03211,1206963.38
2015,11,"cojinobas",823.7975,1462179.29
2015,11,"congrio",106.04777,550234.64
2015,11,"jaiba",52.86806,382121.48
2015,11,"mejillones",27.92168,80290
2015,11,"merluza",3078.07431,14348429.69
2015,11,"reineta",27.92091,32290.24
2015,11,"salmon",49.58,204874.95
2015,11,"salmones",45000.14267,200034658.76
2015,11,"trucha",4462.37468,15941385.97
2015,12,"bacalado_profundo",1519.25604,32770855.05
2015,12,"brotula",409.626,933283.2
2015,12,"centolla",2813.7081,35634278.69
2015,12,"cojinobas",1556.64255,4194374.03
2015,12,"congrio",145.62637,686110.8
2015,12,"draco_rayado",27.06217,104698.83
2015,12,"erizo",79.908,1918067.48
2015,12,"jaiba",107.2271,917596.31
2015,12,"loco",6.21,89675
2015,12,"mejillones",31.064,111169
2015,12,"merluza",4564.44444,19130649.75
2015,12,"navajas",31.482,350509.74
2015,12,"pez espada",11.00008,87919.02
2015,12,"reineta",50.35,69424.37
2015,12,"salmon",157.58561,507327.24
2015,12,"salmones",25452.99934,122860520.17
2015,12,"trucha",587.58059,2834470.52
2015,13,"algas",672.5498,1186320.46
2015,13,"bacalado_profundo",4.042,113317.75
2015,13,"camaron",88.3116,1188215.08
2015,13,"centolla",424.25727,5317446.91
2015,13,"congrio",4.5,60444
2015,13,"erizo",63.1772,1715443.97
2015,13,"jaiba",7.698,98970.09
2015,13,"jurel",285.28,369540.72
2015,13,"langostinos",198.17902,3654299.92
2015,13,"loco",0.163,4858.3
2015,13,"mejillones",75.158,221925.8
2015,13,"merluza",26.0345,115812.83
2015,13,"ostras",0.254,3178.84
2015,13,"pejerreyes",76.816,262863.38
2015,13,"pepino",1.71,30043.31
2015,13,"pez espada",99.42178,522944.56
2015,13,"salmones",178.39673,1202610.62
2015,13,"trucha",42.6266,218421.09
2015,14,"algas",14.56,11400
2015,14,"centolla",134.13181,1760198.35
2015,14,"jaiba",1.544,36367.2
2015,14,"jurel",66.059,42981.73
2015,14,"mejillones",39.85,71930
2015,14,"reineta",91.78,100975.5
2015,14,"salmon",3703.59937,13661344.15
2015,14,"salmones",27.191,269461
2015,14,"trucha",1844.34411,7400104.96
2015,15,"anchoas",17.108,14053
2015,15,"anchoveta",4.6249,38715.7
2015,15,"atun",5.84189,5368.8
2015,15,"cojinobas",33.6,27600
2015,15,"corvina",10.08,8280
2015,15,"jurel",39.425,32200
2015,15,"reineta",461.51941,378396.5
2015,15,"trucha",24.3,107500
2015,20,"anchoveta",18.93492,143258.77
2015,20,"bacalado_profundo",105.84807,2865193.69
2015,20,"camaron",21.945,123359.2
2015,20,"centolla",20.615,383052.94
2015,20,"salmones",67.48775,456132.07
2015,NA,"atun",0.4602,1833.51
2015,NA,"bacalado_profundo",0.069,695.95
2015,NA,"caballas",0.112,40
2015,NA,"camaron",0.036,32
2015,NA,"caracol",0.007,2.2
2015,NA,"centolla",0.425,2686.48
2015,NA,"erizo",0.239,2075.3
2015,NA,"jaiba",0.055,405
2015,NA,"jurel",0.265,251
2015,NA,"mejillones",0.49,433.74
2015,NA,"navajuelas",0.045,60
2015,NA,"pejerreyes",0.0027,2
2015,NA,"pepino",0.08945,1185
2015,NA,"pez espada",0.302,1112.61
2015,NA,"pulpo",0.015,38.4
2015,NA,"salmon",0.458,3945.37
2015,NA,"salmones",0.6968,4172.18
2015,NA,"trucha",0.43627,1993.1
2016,0,"algas",1.76,191852.5
2016,0,"almejas",0.011,400
2016,0,"atun",0.09516,1129.41
2016,0,"bacalado_profundo",0.023,693.79
2016,0,"brotula",0.13138,107
2016,0,"camaron",0.05525,52.5
2016,0,"centolla",0.50943,1731.12
2016,0,"cojinobas",0.055,46
2016,0,"erizo",0.05656,231.1
2016,0,"jaiba",0.0814,337.02
2016,0,"jurel",6.5023,787339.18
2016,0,"langostinos",0.03675,23
2016,0,"loco",0.00144,12
2016,0,"mejillones",1.51225,3408.04
2016,0,"merluza",0.3279,25443.99
2016,0,"navajas",0.00094,18
2016,0,"pepino",0.022,500
2016,0,"pez espada",0.012,37.5
2016,0,"pulpo",0.016,26
2016,0,"reineta",0.013,17.4
2016,0,"salmon",0.46757,3027.84
2016,0,"salmones",7.53503,32789.75
2016,0,"trucha",0.91387,3026.23
2016,1,"algas",8161.584,8926700.08
2016,1,"erizo",35.349,521451.45
2016,2,"algas",14479.597,16358263
2016,2,"camaron",2.246,26000
2016,2,"caracol",23.013,132217
2016,2,"erizo",0.118,1362.7
2016,2,"navajas",1.9278,12503.05
2016,2,"pepino",2.52,15280.25
2016,2,"salmon",24.858,97020.3
2016,2,"salmones",36.159,274514.94
2016,3,"abalones",2.9884,107563.09
2016,3,"algas",27043.306,32485693.24
2016,3,"camaron",20.4,270304
2016,3,"culengues",0.1455,983.54
2016,3,"erizo",26.71,634637.89
2016,3,"loco",0.2715,3934.16
2016,3,"navajas",0.1455,983.54
2016,3,"navajuelas",0.1455,625.89
2016,3,"pez espada",233.434,1177409.55
2016,3,"salmon",262.29351,1722973.7
2016,3,"salmones",21.088,138554.34
2016,4,"algas",16308.2895,24968999.32
2016,4,"anchoas",0.429,3096.69
2016,4,"bacalado_profundo",794.25069,22880677.84
2016,4,"camaron",145.75308,1729195.35
2016,4,"caracol",11.571,68809.48
2016,4,"jaiba",1.238,20416
2016,4,"jurel",159.293,131899.93
2016,4,"langostinos",30.12348,565821.63
2016,4,"mejillones",1.9,9682.12
2016,4,"ostion",58.984,711984.2
2016,4,"ostras",8.252,943557.06
2016,4,"pez espada",1184.76628,8490562.12
2016,4,"salmon",48.72473,284762.7
2016,4,"salmones",268.63382,1521088.51
2016,5,"algas",745.9912,1239280.02
2016,5,"bacalado_profundo",259.1758,7331581.09
2016,5,"camaron",252.33562,2714761
2016,5,"centolla",413.99017,5383768
2016,5,"jaiba",44.756,321290.33
2016,5,"jurel",2117.16,1577260
2016,5,"langostas",3.49,141681.3
2016,5,"langostinos",61.59631,1255047.08
2016,5,"loco",11.955,190889
2016,5,"mejillones",195.2915,500825.36
2016,5,"merluza",46.8373,146466.29
2016,5,"navajas",0.946,8962.41
2016,5,"pejerreyes",5.462,7500.56
2016,5,"pez espada",601.811,4160253.39
2016,5,"salmon",6.8635,27392.06
2016,5,"salmones",1136.48734,5812464.05
2016,6,"algas",149.131,355620.36
2016,6,"centolla",12.795,141865.4
2016,6,"pez espada",1.258,11549.9
2016,6,"salmon",126.54123,702206.59
2016,6,"salmones",503.75051,3190154.08
2016,7,"mejillones",105.13359,187155.9
2016,8,"abalones",3.7488,148644
2016,8,"algas",6529.35591,17445710.94
2016,8,"almejas",0.20631,1433
2016,8,"bacalado_profundo",378.64894,9711353.84
2016,8,"caballas",155.25,291249
2016,8,"caracol",19.86358,218464.96
2016,8,"centolla",88.39049,1681082.32
2016,8,"cojinobas",12.2,9200
2016,8,"congrio",0.10315,1031.76
2016,8,"corvina",23.605,15524
2016,8,"culengues",240.4534,2007255.47
2016,8,"erizo",83.38993,1404680.66
2016,8,"jaiba",45.3627,349619.48
2016,8,"jurel",59081.20846,65311102.92
2016,8,"langostinos",591.46595,11022355.93
2016,8,"loco",225.20181,3345721.09
2016,8,"mejillones",803.70209,1925105.41
2016,8,"merluza",2700.00527,7171246.33
2016,8,"navajas",575.54455,4716942.68
2016,8,"navajuelas",627.24991,3005044.1
2016,8,"pejerreyes",48.25,55273.7
2016,8,"pepino",0.253,1390
2016,8,"pez espada",302.2457,1591259.06
2016,8,"reineta",1186.904,651818.98
2016,8,"salmones",3333.67094,23232779.41
2016,9,"centolla",13.96979,124061
2016,9,"salmones",27.748,308911.83
2016,10,"abalones",0.01295,407.91
2016,10,"algas",1502.017,3977566.03
2016,10,"almejas",168.41255,1164111.45
2016,10,"atun",425.3106,1922897.42
2016,10,"bacalado_profundo",311.29033,8807281.83
2016,10,"caballas",276.932,263687.29
2016,10,"calamar",0.36528,2947.74
2016,10,"caracol",10.323,62480.35
2016,10,"centolla",852.18648,11272403.73
2016,10,"cojinobas",9.15,6900
2016,10,"congrio",0.55385,5272.3
2016,10,"corvina",13.71271,11190
2016,10,"culengues",100.16149,804984.28
2016,10,"erizo",132.38958,3131159.12
2016,10,"hirame",87,41400
2016,10,"jaiba",255.78167,2353061.7
2016,10,"jurel",31719.18631,27474538.92
2016,10,"langostinos",269.68143,5311266.87
2016,10,"loco",194.46047,2982926.53
2016,10,"macha",2.70744,29092.8
2016,10,"mejillones",71828.26693,173829152.73
2016,10,"merluza",4497.8708,17416279.66
2016,10,"navajas",182.32389,1603151.73
2016,10,"navajuelas",964.70536,4250770.21
2016,10,"pejerreyes",102.94795,168906.87
2016,10,"pepino",6.63749,91624.23
2016,10,"pez espada",292.30372,1583828.13
2016,10,"pulpo",2.20658,11672.32
2016,10,"reineta",220.83983,167244
2016,10,"salmon",88299.2725,452836426.83
2016,10,"salmones",353679.48931,2481757036.38
2016,10,"sardinas",2.73856,12570.79
2016,10,"trucha",45880.81411,348829768.33
2016,10,"varios_pescados",0.917,18587.35
2016,11,"anchoveta",1.04916,9465.8
2016,11,"bacalado_profundo",62.25709,2025366.81
2016,11,"brotula",3.82943,6416.5
2016,11,"centolla",17.2455,253003.98
2016,11,"cojinobas",1485.7176,3191129.99
2016,11,"congrio",52.61176,277118.32
2016,11,"erizo",0.5,10480.25
2016,11,"jaiba",44.38765,255643.72
2016,11,"mejillones",111.41798,298206.4
2016,11,"merluza",3252.30229,14782796.18
2016,11,"navajuelas",0.84968,4840
2016,11,"pez espada",2.55157,22913.93
2016,11,"salmon",1765.84807,10147117.06
2016,11,"salmones",53172.87612,313838876.36
2016,11,"trucha",6.42751,24652.27
2016,12,"algas",516.75,975730.73
2016,12,"bacalado_profundo",1287.37676,32267808.17
2016,12,"brotula",143.19396,264964.55
2016,12,"centolla",2483.15593,33459114.92
2016,12,"cojinobas",1934.55907,5789130.76
2016,12,"congrio",183.19707,963542.75
2016,12,"draco_rayado",99.20864,584252.03
2016,12,"erizo",138.1228,3041052.01
2016,12,"jaiba",60.90535,510864.78
2016,12,"langostas",0.71,23924
2016,12,"merluza",4346.95307,20710835.79
2016,12,"reineta",1.75,2039.89
2016,12,"salmon",42.13859,188422.13
2016,12,"salmones",13234.35387,94857064.44
2016,12,"trucha",4593.376,28147886.64
2016,13,"algas",961.447,1120159.16
2016,13,"almejas",6.60439,70389.37
2016,13,"anchoas",2.1,1456
2016,13,"bacalado_profundo",50.82182,1606978.2
2016,13,"camaron",99.96,1300379
2016,13,"centolla",517.17239,7373655.03
2016,13,"culengues",0.0625,498.11
2016,13,"erizo",45.9924,790481
2016,13,"jaiba",97.34574,736460.21
2016,13,"jurel",563.7985,644652.01
2016,13,"langostas",1.36,55903
2016,13,"langostinos",124.882,2437261
2016,13,"loco",16.5755,223731.7
2016,13,"mejillones",74.58057,190511.54
2016,13,"merluza",266.6671,1133413.46
2016,13,"navajas",15.025,111858.38
2016,13,"navajuelas",44.125,220519.71
2016,13,"pejerreyes",18.976,66131.75
2016,13,"pepino",0.055,220
2016,13,"pez espada",148.31195,967269.32
2016,13,"salmon",45.037,406724.9
2016,13,"salmones",74.43903,559176.83
2016,13,"trucha",356.143,3815552.44
2016,13,"varios_pescados",0.857,19692.66
2016,14,"centolla",70.82308,906717.14
2016,14,"erizo",1.06614,31112.71
2016,14,"jaiba",18.56371,81248.75
2016,14,"jurel",23.13,7980
2016,14,"mejillones",162.518,287566
2016,14,"merluza",0.69188,3001.74
2016,14,"salmon",4647.86774,22821596.28
2016,14,"salmones",287.45874,1832527.63
2016,14,"trucha",2427.14368,17714725.48
2016,15,"anchoveta",16.2265,70640.6
2016,15,"atun",16.107,14232.6
2016,15,"centolla",12.87208,165773.88
2016,15,"cojinobas",39.3,28320
2016,15,"corvina",21.81356,17830
2016,15,"erizo",0.681,10622.5
2016,15,"jurel",53.427,44097
2016,15,"merluza",3.514,15225
2016,15,"pez espada",23.41359,156083.88
2016,15,"reineta",130.81044,114824
2016,15,"salmones",21.86811,94965.45
2016,20,"algas",0.8931,144399.12
2016,20,"bacalado_profundo",118.23092,3821832.8
2016,NA,"anguilas",0.045,132
2016,NA,"atun",0.13,50
2016,NA,"caballas",0.21,360
2016,NA,"camaron",0.03,50
2016,NA,"centolla",0.325,3113.63
2016,NA,"erizo",0.19,2687.72
2016,NA,"jaiba",0.302,1579.81
2016,NA,"jurel",0.365,728
2016,NA,"langostinos",0.012,7.4
2016,NA,"mejillones",0.4541,427.35
2016,NA,"merluza",0.133,142.6
2016,NA,"ostion",0.008,8.8
2016,NA,"pepino",0.228,276.1
2016,NA,"pez espada",0.183,286.4
2016,NA,"pulpo",0.06,1500
2016,NA,"salmon",0.38621,2787.17
2016,NA,"salmones",0.5485,4392.05
2016,NA,"trucha",0.173,504.03
2017,0,"abalones",0.05976,390
2017,0,"algas",2.6828,304580.39
2017,0,"almejas",0.003,2
2017,0,"atun",0.02,135
2017,0,"bacalado_profundo",0.31467,1312.67
2017,0,"caballas",0.1926,52044
2017,0,"camaron",51.1466,388440.01
2017,0,"centolla",0.10455,1135.16
2017,0,"erizo",0.2489,2997.52
2017,0,"jaiba",0.2435,618.8
2017,0,"jibias",0.058,263.3
2017,0,"jurel",0.81955,104227.38
2017,0,"langostinos",0.0155,99.35
2017,0,"loco",0.07226,455.21
2017,0,"mejillones",2.00822,1415.22
2017,0,"merluza",0.17509,681.53
2017,0,"navajas",0.0281,164
2017,0,"ostion",0.3086,1035.44
2017,0,"pejerreyes",0.06902,207.58
2017,0,"pepino",0.434,410
2017,0,"pez espada",0.064,406.29
2017,0,"pulpo",0.17254,738.6
2017,0,"salmon",2.65223,11047.4
2017,0,"salmones",28.1115,204708.67
2017,0,"sarda",0.7278,7149.33
2017,0,"trucha",0.92171,4779.31
2017,1,"algas",7203.622,10259519.02
2017,1,"erizo",34.6025,800692.26
2017,1,"mejillones",44.24474,74978.27
2017,1,"pez espada",145.36986,646216.3
2017,1,"pulpo",17.2834,111745
2017,1,"salmones",7.83,90928.75
2017,2,"algas",15916.093,23691564.93
2017,2,"caracol",33.24332,193619.25
2017,2,"lapa",15.6,120325
2017,2,"mejillones",68.58907,189084.03
2017,2,"pez espada",49.8958,235293.62
2017,2,"pulpo",692.6004,3997483
2017,2,"salmon",24.525,141460
2017,2,"salmones",77.52575,711024.84
2017,3,"abalones",200.36368,3626726.16
2017,3,"algas",30319.512,45574669.99
2017,3,"erizo",3.754,80165.9
2017,3,"jibias",3.12,4543.18
2017,3,"loco",2.53504,37463.58
2017,3,"navajuelas",4.9644,23588.54
2017,3,"pez espada",24.2451,123243.64
2017,3,"pulpo",71.7386,401118.4
2017,3,"salmon",24.28127,156420
2017,3,"salmones",43.46147,347400.92
2017,3,"trucha",24.75,195944.28
2017,4,"abalones",1.177,6048
2017,4,"algas",18335.7618,29196596.27
2017,4,"bacalado_profundo",497.26289,15458911.64
2017,4,"caballas",84.24,43740
2017,4,"calamar",2.39392,3224.87
2017,4,"camaron",188.9772,2182811.34
2017,4,"caracol",6.591,39247.24
2017,4,"erizo",1.04,25226.7
2017,4,"jaiba",126.18332,841860
2017,4,"jibias",5115.00107,7639804.48
2017,4,"jurel",79.041,58835
2017,4,"langostas",51.75673,1938557.19
2017,4,"langostinos",19.6194,227828.3
2017,4,"lapa",19.2737,274840.1
2017,4,"loco",47.6522,857295.34
2017,4,"mejillones",96.54601,189494.51
2017,4,"merluza",2.29293,20368.44
2017,4,"navajas",15.0336,112954
2017,4,"navajuelas",7.5168,37048.91
2017,4,"ostion",847.08676,9838596.23
2017,4,"ostras",2.133,497379.27
2017,4,"pez espada",1441.04396,10029497.48
2017,4,"pulpo",299.5821,1773224.48
2017,4,"salmon",48.48562,301642.55
2017,4,"salmones",163.14928,1573488.77
2017,5,"abalones",9.09782,185549.16
2017,5,"algas",662.4,1197082.28
2017,5,"almejas",15.129,21029.44
2017,5,"bacalado_profundo",195.60918,5821284.77
2017,5,"camaron",180.12426,2005143.57
2017,5,"centolla",1254.05083,14513412.91
2017,5,"erizo",3.447,80882.47
2017,5,"jaiba",97.86641,810670.02
2017,5,"jibias",20080.0847,29905581.65
2017,5,"jurel",50.4,49484.87
2017,5,"langostas",22.60116,871593.49
2017,5,"loco",202.772,3684339.75
2017,5,"mejillones",183.83421,473989.62
2017,5,"merluza",21.26,51019.6
2017,5,"navajas",5.5,13726.51
2017,5,"ostion",80.78507,1053381.53
2017,5,"pejerreyes",7.71,13528
2017,5,"pez espada",353.2078,2487387.18
2017,5,"pulpo",480.328,2924034.36
2017,5,"salmon",67.91,404680.28
2017,5,"salmones",5855.07698,50161523.69
2017,5,"trucha",123.048,992459.97
2017,6,"algas",491.958,672031.18
2017,6,"jibias",287.49782,422091.7
2017,6,"jurel",428,398212
2017,6,"mejillones",100.71072,241992.48
2017,6,"salmon",967.3738,5252229.18
2017,6,"salmones",380.41468,3147190.69
2017,7,"jaiba",1.1532,2398.4
2017,7,"jibias",151.7408,221378.34
2017,7,"jurel",23.622,36772
2017,7,"salmon",23.41526,138322
2017,7,"salmones",17.623,185550.21
2017,7,"trucha",24.75,197770
2017,8,"algas",6300.07128,15018186.09
2017,8,"bacalado_profundo",355.09703,10494272.06
2017,8,"caballas",2028.5155,2272884.15
2017,8,"calamar",53.3765,87609.86
2017,8,"caracol",16.77323,126681.5
2017,8,"centolla",66.42315,1588742.17
2017,8,"cojinobas",4.186,17078.88
2017,8,"culengues",163.39898,1415073.33
2017,8,"erizo",15.45938,351909.43
2017,8,"jaiba",26.24894,118576.4
2017,8,"jibias",38428.52013,55115493.24
2017,8,"jurel",84111.28669,81565450.94
2017,8,"langostinos",440.285,8288287.54
2017,8,"loco",188.02539,2948040.71
2017,8,"mejillones",275.21677,583529.27
2017,8,"merluza",3649.02852,10263880.4
2017,8,"navajas",457.16209,3818916.34
2017,8,"navajuelas",385.02968,1916099.49
2017,8,"pejerreyes",8.122,13929.07
2017,8,"pepino",62.708,347817
2017,8,"pez espada",344.27726,1932436.08
2017,8,"pulpo",10.634,76182.73
2017,8,"rayas",4.371,6466.47
2017,8,"reineta",597.38326,380460.14
2017,8,"salmon",23.99122,304911.61
2017,8,"salmones",2400.02327,18293161.36
2017,9,"algas",25.312,34491.51
2017,9,"almejas",0.96,3371.8
2017,9,"jibias",36.68284,53029.9
2017,9,"loco",15.444,244030
2017,9,"salmones",16.314,169093.45
2017,10,"abalones",15.64993,413331.91
2017,10,"algas",1112.314,3048995.57
2017,10,"almejas",2459.68023,3578371.76
2017,10,"atun",24.0735,103606.75
2017,10,"bacalado_profundo",243.81382,7993100.87
2017,10,"caballas",444.05,363691.7
2017,10,"calamar",62.71098,80574.36
2017,10,"caracol",19.7064,129806.81
2017,10,"centolla",767.96248,9721489.86
2017,10,"congrio",0.103,1252.5
2017,10,"culengues",177.1597,1514350.89
2017,10,"erizo",1162.85633,30125320.78
2017,10,"hirame",87,78660
2017,10,"jaiba",627.12453,3474021.04
2017,10,"jibias",3957.17611,5892079.5
2017,10,"jurel",32245.9494,27094701.34
2017,10,"langostinos",220.78806,4174609.23
2017,10,"loco",208.29574,3423834.12
2017,10,"macha",101.59019,688944.93
2017,10,"mejillones",84472.20459,206285631.89
2017,10,"merluza",3532.37911,13935878.05
2017,10,"navajas",292.57864,2316800.43
2017,10,"navajuelas",1426.84799,6040359.97
2017,10,"ostion",12.57837,170570.57
2017,10,"pejerreyes",293.84465,560250.22
2017,10,"pepino",42.30038,519741.23
2017,10,"pez espada",608.43694,3434948.08
2017,10,"pulpo",426.97233,2237985.67
2017,10,"rayas",27.9409,114321.63
2017,10,"reineta",67.055,108110
2017,10,"salmon",115112.62707,745854784.3
2017,10,"salmones",323900.18906,2674985787.61
2017,10,"sardinas",3.09644,14356.94
2017,10,"trucha",36299.50065,379959713.17
2017,10,"tumbaos",6.06,32377.65
2017,10,"varios_pescados",9.107,162103.46
2017,11,"almejas",1.59259,10425
2017,11,"bacalado_profundo",8.804,253460.52
2017,11,"brotula",58.01685,83114.71
2017,11,"centolla",33.11304,455800.18
2017,11,"cojinobas",680.96868,2071284.38
2017,11,"congrio",224.71694,877409.64
2017,11,"erizo",0.458,7491
2017,11,"jaiba",102.4166,610795.69
2017,11,"mejillones",57.07248,161425.82
2017,11,"merluza",6542.0266,22344928.45
2017,11,"navajuelas",2.65756,15500
2017,11,"pulpo",0.52877,2960.1
2017,11,"reineta",1.996,2105.86
2017,11,"salmon",4352.67014,27156003.92
2017,11,"salmones",48179.06648,349825941.39
2017,11,"trucha",533.99287,5532592.24
2017,11,"varios_pescados",2.49705,1338.88
2017,12,"algas",204.031,404428.75
2017,12,"bacalado_profundo",1199.10481,30774562.34
2017,12,"brotula",173.1485,313651.07
2017,12,"calamar",1.628,4256.69
2017,12,"centolla",2636.14478,37796936.64
2017,12,"cojinobas",1858.84832,4693147.94
2017,12,"congrio",297.8028,1573604.39
2017,12,"erizo",1707.02572,43317087.83
2017,12,"jaiba",48.74276,450368.82
2017,12,"jibias",772.57554,1092343.82
2017,12,"langostas",0.4,13455
2017,12,"loco",1.158,26000
2017,12,"mejillones",28.30186,94476.14
2017,12,"merluza",7883.22263,25157190.11
2017,12,"ostion",56.81411,680645.14
2017,12,"pez espada",155.38737,795032.91
2017,12,"reineta",72.0955,145160.64
2017,12,"salmon",47.88672,278332.79
2017,12,"salmones",31217.51125,236951419.6
2017,12,"trucha",6841.78795,53975284.63
2017,12,"varios_pescados",91.775,100960.18
2017,13,"algas",788.4166,1220459.02
2017,13,"atun",0.061,1152
2017,13,"bacalado_profundo",68.51794,2138557.19
2017,13,"camaron",164.361,1919646.06
2017,13,"centolla",1038.50474,15330688.77
2017,13,"erizo",36.33,797965.8
2017,13,"jaiba",349.75841,944875.81
2017,13,"jibias",323.5433,478872.49
2017,13,"jurel",2072.13,2058228.57
2017,13,"langostinos",181.452,3655301.67
2017,13,"lapa",0.95361,118455.77
2017,13,"loco",42.27769,744132.99
2017,13,"mejillones",123.87109,231805.65
2017,13,"merluza",46.93407,156164.89
2017,13,"navajuelas",18.75,87720
2017,13,"ostion",50.76863,736158.91
2017,13,"pejerreyes",22.02473,81191
2017,13,"pez espada",174.39981,1097069.25
2017,13,"pulpo",5.70432,34884.62
2017,13,"salmon",3.893,36307.66
2017,13,"salmones",86.4377,695718.57
2017,13,"trucha",296.433,3171396.19
2017,13,"varios_pescados",0.196,4609.73
2017,14,"bacalado_profundo",9.585,280476.85
2017,14,"centolla",23.39274,325819.43
2017,14,"jaiba",9.9385,117550
2017,14,"jibias",24.7688,36162.4
2017,14,"loco",70.27362,1316778.19
2017,14,"mejillones",551.957,1239349.85
2017,14,"merluza",2.56399,9861
2017,14,"salmon",648.57704,4835298.77
2017,14,"salmones",384.70154,3090285.5
2017,14,"trucha",2724.84762,21877181.38
2017,15,"algas",0.372,20749.36
2017,15,"erizo",0.297,5072
2017,15,"jibias",25.2,34110
2017,15,"pulpo",6.3,33477.95
2017,15,"salmones",66.38911,479449.6
2017,15,"trucha",24.39475,177250
2017,20,"bacalado_profundo",89.75807,2902335.52
2017,20,"erizo",0.534,12674.05
2017,20,"mejillones",20.28475,21419.68
2017,20,"salmones",32.01644,316656.58
2017,NA,"abalones",0.0142,199.5
2017,NA,"algas",0.278,3154
2017,NA,"atun",0.005,22
2017,NA,"bacalado_profundo",0.057,202.83
2017,NA,"bacalao_jf",0.016,280
2017,NA,"caballas",0.127,720
2017,NA,"camaron",0.28,593
2017,NA,"centolla",1.402,4613.73
2017,NA,"erizo",0.335,3247.53
2017,NA,"jaiba",0.58182,1920.19
2017,NA,"jibias",0.074,150.4
2017,NA,"loco",0.01,92
2017,NA,"mejillones",0.27283,274.75
2017,NA,"merluza",0.4398,915.6
2017,NA,"ostion",0.0262,18
2017,NA,"pepino",0.00835,90
2017,NA,"pulpo",0.23559,2212
2017,NA,"salmon",0.1892,2205.29
2017,NA,"salmones",1.0408,9366.24
2017,NA,"trucha",0.095,1696.31
2018,0,"abalones",0.01,1
2018,0,"algas",0.204,0.5
2018,0,"almejas",0.06,1.4
2018,0,"atun",0.0426,4.267
2018,0,"bacalado_profundo",0.0095,0.1
2018,0,"camaron",0.4888,6.25
2018,0,"caracol",0.016,0.1
2018,0,"centolla",0.1815,2.189
2018,0,"erizo",0.196,11.2899
2018,0,"jaiba",0.183,21.7628
2018,0,"jurel",0.1035,0.2818
2018,0,"langostinos",0.08288,2
2018,0,"mejillones",0.65767,7.7775
2018,0,"merluza",0.04893,0.6347
2018,0,"ostion",0.098,3.3375
2018,0,"pez espada",0.162,1.274
2018,0,"salmon",0.49298,13.9769
2018,0,"salmones",7.42496,279.4595
2018,0,"trucha",0.16396,2.9618
2018,1,"algas",2254.677,34994.326
2018,1,"camaron",2.75,25
2018,1,"caracol",25.75802,1591.13
2018,1,"centolla",1.1,5
2018,1,"erizo",18.733,4623.5001
2018,1,"pez espada",70.75,4092
2018,1,"pulpo",25.028,2395.75
2018,1,"salmones",6.3515,100.1002
2018,2,"algas",7633.0786,119995.1529
2018,2,"almejas",2.12,45.325
2018,2,"mejillones",4.47174,100.523
2018,2,"pulpo",320.52113,31739.1679
2018,2,"salmon",24.09944,1338.0877
2018,2,"salmones",21.762,1468.5619
2018,3,"abalones",64.7811,13339.2005
2018,3,"algas",15137.4447,237329.9175
2018,3,"centolla",12.22753,1675.5478
2018,3,"erizo",3.257,619.0785
2018,3,"jibias",24.96,677.24
2018,3,"lapa",65.8398,7180.1167
2018,3,"loco",4.131,883.1433
2018,3,"pulpo",25.2,2264.8
2018,3,"salmones",204.42046,9312.9701
2018,4,"abalones",2.683,871.2103
2018,4,"algas",7822.5532,147525.9972
2018,4,"bacalado_profundo",18.40184,5006.7666
2018,4,"caballas",56.16,486
2018,4,"camaron",223.74,26967.2191
2018,4,"caracol",17.852,1117.5938
2018,4,"centolla",0.39707,60.755
2018,4,"cojinobas",28.08,867.93
2018,4,"jaiba",0.108,21
2018,4,"jibias",4864.7252,120774.386
2018,4,"jurel",964.758,13480.71
2018,4,"langostas",19.41025,7944.0704
2018,4,"langostinos",89.956,18628.07
2018,4,"loco",71.48684,13469.982
2018,4,"ostion",540.8709,61651.1728
2018,4,"ostras",4.85,8484.2271
2018,4,"pejerreyes",6.835,375.0505
2018,4,"pez espada",88.778,7588.4433
2018,4,"pulpo",8.17,675.5359
2018,4,"salmones",95.75899,5079.6227
2018,4,"tiburones",1.187,133.27
2018,5,"algas",77.908,2094.599
2018,5,"almejas",3.155,46.05
2018,5,"bacalado_profundo",160.9277,50927.1158
2018,5,"camaron",220.0695,26195.1083
2018,5,"centolla",326.21102,39355.4758
2018,5,"jaiba",9.808,1095.8022
2018,5,"jibias",9796.94762,244820.0027
2018,5,"langostas",20.66185,9215.8574
2018,5,"langostinos",0.011,0.3
2018,5,"loco",66.769,12253.0445
2018,5,"mejillones",135.798,3152.1558
2018,5,"merluza",6.656,175.7271
2018,5,"ostion",59.22945,7410.7034
2018,5,"pez espada",542.1708,43565.0207
2018,5,"pulpo",114.253,10907.9552
2018,5,"salmon",3.708,291.2176
2018,5,"salmones",105.81089,9135.742
2018,5,"trucha",21.49921,1034.2
2018,6,"algas",346.971,7882.1993
2018,6,"jurel",19,761.25
2018,6,"salmon",238.42363,12059.2219
2018,6,"salmones",244.30864,18631.428
2018,6,"trucha",66.243,4300.4376
2018,7,"algas",14.6,301
2018,7,"jaiba",9,397.8
2018,7,"jibias",557.698,14142.6689
2018,7,"salmones",23.03279,1307.0956
2018,8,"abalones",2.888,533.5292
2018,8,"algas",5536.4056,128028.3114
2018,8,"bacalado_profundo",96.72435,28572.6257
2018,8,"caballas",3060.6154,28954.4088
2018,8,"caracol",5.31477,463.731
2018,8,"centolla",83.49568,7174.3412
2018,8,"congrio",6.123,378.5472
2018,8,"culengues",80.10376,7115.7198
2018,8,"erizo",3.08,558.4361
2018,8,"jaiba",44.50469,4049.1497
2018,8,"jibias",25710.76241,622383.2474
2018,8,"jurel",102488.6767,938571.3326
2018,8,"langostinos",438.502,86232.3808
2018,8,"loco",69.4858,11767.0709
2018,8,"mejillones",1196.66756,27467.4355
2018,8,"merluza",3112.476,88196.3163
2018,8,"navajas",352.23682,32444.6846
2018,8,"navajuelas",245.41656,13059.2989
2018,8,"pepino",12.599,511.6524
2018,8,"pez espada",120.64125,6084.5694
2018,8,"reineta",354.332,2108.78
2018,8,"robalos",6.403,171.3843
2018,8,"salmones",8852.95596,820709.9489
2018,8,"tiburones",18.6562,554.4344
2018,8,"trucha",2.22804,162.53
2018,9,"merluza",23.8,892.7823
2018,9,"salmones",7.45,666.0703
2018,10,"abalones",22.218,4791.0704
2018,10,"algas",1165.2795,32116.3992
2018,10,"almejas",1039.39462,16175.4606
2018,10,"bacalado_profundo",239.96754,79157.0988
2018,10,"caballas",298.23462,2253.906
2018,10,"caracol",6.072,453.5809
2018,10,"centolla",347.23509,49224.3747
2018,10,"culengues",82.7179,7503.9837
2018,10,"erizo",416.40864,119378.7802
2018,10,"jaiba",303.09316,17680.0472
2018,10,"jibias",5498.9937,134960.029
2018,10,"jurel",9063.986,86011.3991
2018,10,"loco",127.96957,21829.435
2018,10,"macha",5.05527,541.8673
2018,10,"mejillones",57318.88771,1411654.2371
2018,10,"merluza",2235.65936,95676.8212
2018,10,"navajas",167.67621,13329.8879
2018,10,"navajuelas",350.32108,15659.3258
2018,10,"ostion",3.716,636.197
2018,10,"pejerreyes",18.568,392.5309
2018,10,"pepino",8.5637,660.5676
2018,10,"pez espada",168.95588,9324.5589
2018,10,"pulpo",179.41021,16485.3904
2018,10,"rayas",280.36988,12900.5381
2018,10,"reineta",7.73505,256.6263
2018,10,"salmon",73005.92576,4325301.5796
2018,10,"salmones",234974.21306,17835652.3984
2018,10,"trucha",29261.84813,2661539.2162
2018,10,"tumbaos",12,689.0925
2018,10,"varios_pescados",3.946,997.3293
2018,11,"algas",51.417,1312.6552
2018,11,"bacalado_profundo",12.8858,4046.8514
2018,11,"brotula",2.857,49.6079
2018,11,"centolla",0.23484,57.4446
2018,11,"cojinobas",291.716,9330.2091
2018,11,"congrio",20.22119,1207.1378
2018,11,"culengues",7.17,650.94
2018,11,"jaiba",46.62314,2511.0774
2018,11,"mejillones",23.1,330
2018,11,"merluza",2655.44303,97730.1
2018,11,"salmon",129.56206,7890.1626
2018,11,"salmones",23883.13709,1617214.3956
2018,11,"trucha",34.993,2513.2354
2018,11,"varios_pescados",7.4531,91.4425
2018,12,"algas",25.21,958.265
2018,12,"almejas",6.061,78.1183
2018,12,"bacalado_profundo",802.5473,202904.4901
2018,12,"brotula",90.6829,1861.9026
2018,12,"calamar",143.544,4131.9908
2018,12,"centolla",1098.48987,138774.5625
2018,12,"cojinobas",1017.3564,35497.7804
2018,12,"congrio",109.6613,6147.4255
2018,12,"draco_rayado",37.55753,2412.6582
2018,12,"erizo",743.45151,202269.4083
2018,12,"jaiba",58.36003,5737.0104
2018,12,"jibias",54.634,1350.5017
2018,12,"loco",0.374,95.3264
2018,12,"merluza",3055.00364,99868.1842
2018,12,"navajas",23.863,567.9833
2018,12,"ostion",85.5638,10957.0253
2018,12,"pez espada",50.48325,2976.8796
2018,12,"reineta",1.4246,34.4455
2018,12,"salmones",21633.65657,1633927.8829
2018,12,"trucha",436.13075,32732.2243
2018,12,"varios_pescados",84.35628,1099.6886
2018,13,"algas",239.5794,7470.473
2018,13,"almejas",19.591,286.3703
2018,13,"atun",0.053,11.52
2018,13,"bacalado_profundo",331.81776,103925.844
2018,13,"centolla",305.37978,45117.3394
2018,13,"erizo",0.195,43.1752
2018,13,"jaiba",193.4819,7790.1944
2018,13,"jibias",224.68945,5545.3429
2018,13,"jurel",925.751,9196.6362
2018,13,"loco",0.4679,579.9883
2018,13,"mejillones",135.89294,2374.4685
2018,13,"merluza",4.661,318.5537
2018,13,"ostion",621.68612,71941.8569
2018,13,"pez espada",127.69157,10127.6116
2018,13,"pulpo",2.231,167.8666
2018,13,"salmon",25.649,1531.8513
2018,13,"salmones",157.23984,13913.334
2018,13,"trucha",7.202,581.3014
2018,13,"varios_pescados",0.012,6.5
2018,14,"mejillones",186.006,4817.1502
2018,14,"salmon",216.39872,18104.5867
2018,14,"salmones",999.05046,71840.4594
2018,14,"trucha",565.44795,40123.2036
2018,15,"algas",37.626,3795.87
2018,15,"bacalado_profundo",8.08631,2497.0668
2018,15,"centolla",0.57766,117.2568
2018,15,"salmones",14.56611,1322.0101
2018,20,"bacalado_profundo",3.07093,894.512
2018,20,"salmones",8.442,927.7114
2018,20,"sardinas",2.18032,83.896
2018,NA,"bacalado_profundo",0.096,6.4431
2018,NA,"camaron",0.022,0.5
2018,NA,"centolla",0.298,5.3614
2018,NA,"erizo",0.044,1
2018,NA,"jaiba",0.175,2.24
2018,NA,"jibias",0.0645,5.4
2018,NA,"jurel",0.027,0.13
2018,NA,"loco",0.03,3
2018,NA,"mejillones",0.51188,13.1676
2018,NA,"merluza",0.00476,0.5
2018,NA,"navajas",0.025,0.2943
2018,NA,"ostion",0.0026,1.71
2018,NA,"pepino",0.0612,1.2
2018,NA,"pulpo",0.081,18
2018,NA,"salmon",0.104,3.04
2018,NA,"salmones",0.23772,6.7521
2018,NA,"varios_pescados",0.005,0.5
NA,NA,"abalones",0,NA
NA,NA,"alfonsino",0,NA
NA,NA,"almejas",0,NA
NA,NA,"anchoas",0,NA
NA,NA,"anguilas",0,NA
NA,NA,"atun",0,NA
NA,NA,"bacalado_profundo",0,NA
NA,NA,"bacalao_jf",0,NA
NA,NA,"bagre",0,NA
NA,NA,"besugo",0,NA
NA,NA,"brotula",0,NA
NA,NA,"caballas",0,NA
NA,NA,"calamar",0,NA
NA,NA,"camaron",0,NA
NA,NA,"caracol",0,NA
NA,NA,"centolla",0,NA
NA,NA,"cojinobas",0,NA
NA,NA,"congrio",0,NA
NA,NA,"corvina",0,NA
NA,NA,"esturiones",0,NA
NA,NA,"fletanes",0,NA
NA,NA,"gamba",0,NA
NA,NA,"hirame",0,NA
NA,NA,"jurel",0,NA
NA,NA,"langostas",0,NA
NA,NA,"langostinos",0,NA
NA,NA,"lenguados",0,NA
NA,NA,"macha",0,NA
NA,NA,"mahi_mahi",0,NA
NA,NA,"medusas",0,NA
NA,NA,"merluza",0,NA
NA,NA,"navajas",0,NA
NA,NA,"orange_roughy",0,NA
NA,NA,"ostion",0,NA
NA,NA,"ostras",0,NA
NA,NA,"pulpo",0,NA
NA,NA,"rayas",0,NA
NA,NA,"reineta",0,NA
NA,NA,"robalos",0,NA
NA,NA,"salmon",0,NA
NA,NA,"salmones",0,NA
NA,NA,"sarda",0,NA
NA,NA,"sardinas",0,NA
NA,NA,"sargo",0,NA
NA,NA,"tiburones",0,NA
NA,NA,"trucha",0,NA
NA,NA,"turbot",0,NA
NA,NA,"varios_pescados",0,NA
