year,species,region,price,tons
2013,Acha,1,4429.35183818101,0.03
2013,Albacora o pez espada,1,3827.41428068462,20.75
2013,Albacora o pez espada,2,6151.87755302919,0.51
2013,Albacora o pez espada,3,4798.46449136276,4
2013,Albacora o pez espada,5,3248.19134799941,2
2013,Albacora o pez espada,8,2829.86367439343,90
2013,Almeja,1,295.290122545401,0.3
2013,Almeja,10,471.944749895877,306.967
2013,Almeja,12,290.86077070722,75.05
2013,Almeja,2,516.757714454452,0.62
2013,Almeja,8,815.966109779782,11.89
2013,Anchoveta,8,138.786357596338,26
2013,Apanado,2,1021.21167380284,0.05
2013,Azulejo,1,1223.34479340237,4.88
2013,Bacalao de profundidad,1,8120.47836999852,1.2
2013,Bacalao de profundidad,5,8538.80604360451,3
2013,Bacalao de profundidad,8,8637.23608445298,18
2013,Bilagay,1,1856.10934171395,0.67
2013,Bilagay,2,2559.18106206014,0.111
2013,Blanquillo,8,947.199854626401,15.37
2013,Bonito,2,2214.67591909051,0.02
2013,Caballa,15,1476.450612727,0.02
2013,Caballa,2,1808.65200059058,0.051
2013,Cabinza,1,1476.450612727,0.018
2013,Cabinza,15,2288.49844972686,0.29
2013,Cabinza,4,1476.450612727,0.071
2013,Cabinza,8,1476.450612727,0.02
2013,Cabrilla,2,2362.32098036321,0.087
2013,Cabrilla,3,2399.23224568138,NA
2013,Cabrilla,8,479.846449136276,0.18
2013,Cabrilla comun,1,2569.02406614499,0.172
2013,Cabrilla comun,15,2436.14351099956,0.22
2013,Cabrilla comun,2,3248.19134799941,0.032
2013,Caracol tegula,3,369.112653181751,0.2
2013,Centolla,10,2821.66117098939,3.552
2013,Centolla,12,3776.10446708335,306.14
2013,Centollon,12,821.275653329396,53.34
2013,Chascon o huiro negro,1,561.051232836262,5
2013,Chascon o huiro negro,2,418.645189866786,118.1
2013,Chascon o huiro negro,5,147.6450612727,2
2013,Chascon o huiro negro,8,114.424922486343,86
2013,Chicorea de mar,8,354.348147054481,1.45
2013,Cholga,10,400.328953196516,17.8
2013,Cholga,12,258.378857227226,2
2013,Cholga,15,1107.33795954525,0.08
2013,Cholga,2,295.290122545401,0.5
2013,Cholga,8,976.032285053398,2.27
2013,Chorito,10,253.764949062454,8.462
2013,Chorito,12,258.378857227226,1
2013,Chorito,8,398.641665436291,0.4
2013,Choro,10,1107.33795954525,2.7
2013,Choro,15,1771.74073527241,0.11
2013,Cojinoba del norte,1,11811.604901816,0.06
2013,Cojinoba del norte,15,3875.68285840839,0.14
2013,Cojinoba del norte,2,4675.42694030218,0.543
2013,Cojinoba del norte,3,3454.89443378119,NA
2013,Cojinoba del norte,5,4429.35183818101,1
2013,Cojinoba del norte,9,1476.450612727,NA
2013,Congrio colorado,1,5389.04473645357,0.735
2013,Congrio colorado,2,5154.154866247,0.637
2013,Congrio colorado,3,3322.01387863576,2.578
2013,Congrio colorado,4,4764.90879561897,1.106
2013,Congrio colorado,5,4798.46449136276,2
2013,Congrio colorado,6,4429.35183818101,0.09
2013,Congrio colorado,8,2730.56513318453,9.61
2013,Congrio dorado,10,2103.94212313598,3.29
2013,Congrio dorado,11,1476.450612727,NA
2013,Congrio dorado,12,2573.24249646706,4.49
2013,Congrio dorado,2,2362.32098036321,0.04
2013,Congrio dorado,8,2362.32098036321,16
2013,Congrio negro,1,2436.14351099956,0.04
2013,Congrio negro,15,5167.57714454452,0.04
2013,Congrio negro,3,3691.12653181751,NA
2013,Congrio negro,4,2952.90122545401,0.02
2013,Congrio negro,8,1830.79875978149,11.13
2013,Corvina,1,3691.12653181751,0.47
2013,Corvina,15,4675.42694030218,0.13
2013,Corvina,4,5167.57714454452,0.01
2013,Corvina,6,4429.35183818101,0.01
2013,Corvina,8,2409.89550010663,15.19
2013,Corvina,9,2577.0774331235,NA
2013,Culengue,10,764.063192086225,3.85
2013,Culengue,2,590.580245090802,2.05
2013,Dorado de altura,1,2768.34489886313,11.7
2013,Dorado de altura,2,4281.70677690831,0.345
2013,Dorado de altura,3,4429.35183818101,NA
2013,Erizo,1,1181.1604901816,0.008
2013,Erizo,10,440.320635858064,173.368
2013,Erizo,12,624.169496530341,982.317
2013,Erizo,2,767.754318618042,1.816
2013,Huepo o navaja de mar ,10,1043.35843299375,23.1
2013,Huepo o navaja de mar ,12,838.623948028938,13.09
2013,Huepo o navaja de mar ,8,1101.43215709435,68.07
2013,Huiro ,10,47.9846449136276,206.956
2013,Huiro ,2,258.378857227226,15.3
2013,Huiro palo,1,413.406171563561,0.4
2013,Huiro palo,2,377.549513825905,20.43
2013,Huiro palo,5,177.174073527241,2
2013,Jaiba,8,1735.50058386911,2.04
2013,Jaiba limon,5,1291.89428613613,4
2013,Jaiba limon,8,893.252620699838,0.11
2013,Jaiba marmola,10,392.735862985383,51.14
2013,Jaiba marmola,8,1028.94546272665,25.23
2013,Jaiba mora,4,2509.96604163591,0.065
2013,Jaiba mora,5,1476.450612727,1
2013,Jaiba mora,8,2103.94212313598,0.3
2013,Jaiba peluda,2,1476.450612727,0.075
2013,Jaiba peluda,3,516.757714454452,0.332
2013,Jaiba peluda,5,1476.450612727,1
2013,Jaiba peluda,8,1003.66544912986,24.08
2013,Jaiba reina,8,944.928392145283,23.02
2013,Jaiba remadora,6,1771.74073527241,0.3
2013,Jaiba remadora,8,804.050396180915,36.855
2013,Jerguilla,15,1476.450612727,0.04
2013,Jibia o calamar rojo,4,163.639942910576,109.428
2013,Jibia o calamar rojo,5,249.667798612136,10
2013,Jibia o calamar rojo,8,202.642846596781,474.5
2013,Juliana o tawera,10,198.266225137626,48.98
2013,Jurel,15,2583.78857227226,0.11
2013,Jurel,2,2297.18345333113,0.47
2013,Jurel,3,1661.00693931788,NA
2013,Jurel,4,3227.09919638902,3.328
2013,Jurel,8,646.231075878204,32.43
2013,Lapa,1,1181.1604901816,0.13
2013,Lapa,15,1803.37896268798,0.24
2013,Lapa,2,1447.79010083289,3.968
2013,Lapa,3,1742.21172301787,NA
2013,Lapa,8,1033.5154289089,0.01
2013,Lapa negra,4,2214.67591909051,0.03
2013,Lapa negra,8,1476.450612727,0.32
2013,Lenguado de ojos chicos,2,3764.94906245386,0.028
2013,Lenguado de ojos chicos,3,4576.99689945371,NA
2013,Lenguado de ojos chicos,4,6348.73763472612,0.093
2013,Lenguado de ojos chicos,8,2251.26621688418,4.45
2013,Lenguado de ojos chicos,9,1476.450612727,1
2013,Lisa,15,2399.23224568138,0.12
2013,Loco,12,5182.34165067179,3.9
2013,Loco,8,7899.01077808947,80
2013,Luga luga,10,413.406171563561,0.5
2013,Luga negra o crespa,10,577.92495412457,22.14
2013,Luga negra o crespa,8,295.290122545401,0.6
2013,Luga roja,10,458.007283823023,254.765
2013,Luga roja,12,413.406171563561,180
2013,Macha,10,1100.62682039649,28.456
2013,Machuelo ,4,738.225306363502,0.08
2013,Marlin,1,1476.450612727,1
2013,Merluza comun,3,1624.0956739997,0.065
2013,Merluza comun,4,3577.55340776159,4.715
2013,Merluza comun,5,1673.72346556298,17.134
2013,Merluza comun,6,804.111638121955,37.496
2013,Merluza comun,7,889.859348652156,36.118
2013,Merluza comun,8,1127.99524061802,47.73
2013,Merluza del sur,10,1095.0342044392,12.861
2013,Merluza del sur,11,1242.6792657119,NA
2013,Merluza del sur,12,1687.37212883086,9.41
2013,Navajuela,10,861.262857424086,54.57
2013,Navajuela,8,806.97655011266,121.79
2013,Ostion del sur,12,767.754318618042,86.53
2013,Palomerta,15,2345.91597355513,0.9
2013,Pejegallo,15,2214.67591909051,0.06
2013,Pejegallo,5,738.225306363502,1
2013,Pejegallo,8,1324.76136064553,11.14
2013,Pejegallo,9,1181.1604901816,NA
2013,Pejeperro,3,3764.94906245386,NA
2013,Pejeperro,4,3691.12653181751,0.006
2013,Pejerrey de mar,1,1353.41306166642,4.49
2013,Pejerrey de mar,10,1033.5154289089,1.2
2013,Pejerrey de mar,15,1513.36187804518,0.395
2013,Pejerrey de mar,2,1181.1604901816,0.065
2013,Pejerrey de mar,8,768.322184238322,16.111
2013,Pejezorro,1,1181.1604901816,0.2
2013,Pelillo,8,88.5870367636203,0.04
2013,Picoroco,4,516.757714454452,0.16
2013,Picoroco,8,697.33898170337,1.08
2013,Piure,10,324.819134799941,2
2013,Piure,15,1181.1604901816,0.49
2013,Piure,8,658.585560313008,22.7
2013,Pulpo,1,1525.66563315124,2.395
2013,Pulpo,10,1138.97618696083,12.03
2013,Pulpo,12,775.136571681677,32.39
2013,Pulpo,2,1840.29022800616,2.953
2013,Pulpo,3,3691.12653181751,1
2013,Pulpo del sur,10,1476.450612727,1
2013,Raya volantin,10,2067.03085781781,4.603
2013,Raya volantin,11,1414.93183719671,NA
2013,Reineta,10,1279.59053103007,5.938
2013,Reineta,3,2583.78857227226,NA
2013,Reineta,5,2436.14351099956,2
2013,Reineta,8,1214.38062896796,17.113
2013,Reineta,9,1309.54749998395,NA
2013,Robalo,8,957.583683111514,29.07
2013,Rococo,15,2091.63836802992,0.16
2013,Rollizo,2,1550.27314336335,0.023
2013,Rollizo,3,2436.14351099956,NA
2013,Rollizo,4,2805.25616418131,0.026
2013,Roncacho,15,2263.89093951474,0.26
2013,Sardina austral,10,121.068950243614,40
2013,Sardina comun,5,701.314041045327,2
2013,Sardina comun,8,138.786357596338,61.71
2013,Sargo,1,1476.450612727,0.04
2013,Sargo,15,3691.12653181751,0.03
2013,Sargo,2,1845.56326590876,0.028
2013,Sargo,3,2214.67591909051,NA
2013,Sierra,3,1722.52571484817,0.9
2013,Sierra,4,1476.450612727,0.535
2013,Sierra,5,1845.56326590876,1
2013,Sierra,6,1476.450612727,0.4
2013,Sierra,8,883.847083463206,51.73
2013,Sierra,9,295.290122545401,NA
2013,Taquilla,8,139.235712130647,133.62
2013,Tiburon o marrajo,1,2247.48593270666,4.33
2013,Tollo,15,1771.74073527241,0.06
2013,Tollo,3,2399.23224568138,NA
2013,Tomoyo,15,3691.12653181751,0.03
2013,Tomoyo,2,6274.91510408977,0.048
2013,Tumbao,10,494.610955263546,3.7
2013,Vieja o mulata,3,3454.89443378119,NA
2013,Vieja o mulata,4,4798.46449136276,0.019
2014,Acha,1,7382.25306363502,0.08
2014,Albacora o pez espada,1,3791.7936190489,16.052
2014,Albacora o pez espada,2,5536.68979772627,0.33
2014,Albacora o pez espada,5,2657.61110290861,18.6
2014,Albacora o pez espada,8,2293.41995176928,50
2014,Almeja,10,642.256016536247,4.4
2014,Almeja,12,435.454500713618,246.58
2014,Almeja,15,1476.450612727,0.33
2014,Almeja,2,2879.07869481766,0.305
2014,Almeja,8,635.725561903031,NA
2014,Anchoveta,8,139.457471511214,30.18
2014,Apanado,15,2952.90122545401,0.03
2014,Apanado,2,3552.70928687435,0.272
2014,Atun ojos grandes,5,1771.74073527241,0.2
2014,Azulejo,1,1476.450612727,4.35
2014,Azulejo,15,3100.54628672671,0.3
2014,Azulejo,2,3691.12653181751,0.03
2014,Bacaladillo,14,125.498302081795,29.16
2014,Bacalao de profundidad,12,10851.9120035435,12.3
2014,Bacalao de profundidad,5,10925.7345341798,2
2014,Bacalao de profundidad,8,9193.11678724347,2
2014,Blanquillo,8,750.529061469561,13.82
2014,Bonito,1,5413.65224666568,0.5
2014,Bonito,2,1476.450612727,0.045
2014,Breca o Bilagay,1,1886.57578292895,0.71
2014,Breca o Bilagay,2,3838.77159309021,0.072
2014,Breca o Bilagay,4,2214.67591909051,0.02
2014,Caballa,15,2214.67591909051,0.02
2014,Caballa,2,3568.08898075693,0.097
2014,Caballa,4,1181.1604901816,0.09
2014,Cabinza,1,4429.35183818101,0.003
2014,Cabinza,15,1476.450612727,0.01
2014,Cabinza,2,2460.75102121167,0.126
2014,Cabinza,4,959.692898272553,0.04
2014,Cabinza,8,885.870367636203,0.08
2014,Cabrilla ,15,2952.90122545401,0.02
2014,Cabrilla ,2,3358.92514395394,0.075
2014,Cabrilla ,8,541.365224666568,0.3
2014,Cabrilla comun,1,2277.95237392166,0.51
2014,Cabrilla comun,2,2214.67591909051,0.035
2014,Cabrilla comun,4,2214.67591909051,0.034
2014,Cabrilla comun,8,959.692898272553,0.41
2014,Caracol locate,15,1181.1604901816,0.04
2014,Caracol locate,2,738.225306363502,0.1
2014,Caracol trumulco,14,442.935183818101,0.8
2014,Centolla,11,2997.19474383582,NA
2014,Centolla,12,6367.06076540714,932.497
2014,Centolla,14,2952.90122545401,1
2014,Centollon,12,864.157858625511,94.55
2014,Chancharro,14,1218.07175549978,22.5
2014,Chascon o huiro negro,2,330.258689688935,129.135
2014,Chascon o huiro negro,5,369.112653181751,1
2014,Chascon o huiro negro,7,664.402775727152,1
2014,Chicorea de mar,8,317.436881736306,1.532
2014,Cholga,10,435.552930754466,5.2
2014,Cholga,15,2214.67591909051,0.08
2014,Cholga,2,1107.33795954525,0.06
2014,Cholga,8,951.387863575963,11.44
2014,Chorito,12,177.174073527241,19
2014,Chorito,14,487.228702199911,0.5
2014,Choro,1,1476.450612727,0.05
2014,Choro,10,516.757714454452,2.1
2014,Choro,14,664.402775727152,0.6
2014,Choro,15,1279.59053103007,0.34
2014,Choro,2,1063.04444116344,0.135
2014,Cochayuyo,14,118.11604901816,200
2014,Cochayuyo,5,516.757714454452,1
2014,Cochayuyo,7,738.225306363502,1
2014,Cochayuyo,8,221.467591909051,1
2014,Cojinoba del norte,1,11073.3795954525,0.87
2014,Cojinoba del norte,15,3691.12653181751,0.09
2014,Cojinoba del norte,2,4337.07367488558,1.059
2014,Cojinoba del norte,3,2509.96604163591,1
2014,Cojinoba del norte,4,2952.90122545401,0.015
2014,Cojinoba del norte,7,1476.450612727,0.05
2014,Cojinoba del norte,9,2425.59743519436,14
2014,Congrio colorado,1,3691.12653181751,0.05
2014,Congrio colorado,14,2952.90122545401,0.14
2014,Congrio colorado,2,4371.93431435274,1.111
2014,Congrio colorado,3,4134.06171563561,1
2014,Congrio colorado,4,5019.93208327181,0.394
2014,Congrio colorado,5,4798.46449136276,1.045
2014,Congrio colorado,7,2952.90122545401,0.035
2014,Congrio colorado,8,3248.66762239061,23.28
2014,Congrio colorado,9,3691.12653181751,11
2014,Congrio dorado,11,1210.68950243614,NA
2014,Congrio dorado,12,1946.23035314014,60
2014,Congrio dorado,14,2952.90122545401,0.3
2014,Congrio negro,1,2723.23113014092,0.945
2014,Congrio negro,2,3100.54628672671,0.18
2014,Congrio negro,5,1870.17077612087,1.027
2014,Congrio negro,7,2509.96604163591,0.118
2014,Congrio negro,8,2161.63306374439,31.75
2014,Corvina,14,2952.90122545401,0.13
2014,Corvina,2,5167.57714454452,0.01
2014,Corvina,3,3691.12653181751,1
2014,Corvina,4,3838.77159309021,0.032
2014,Corvina,7,2706.82612333284,1.82
2014,Corvina,8,3176.33741818003,20.485
2014,Corvina,9,2556.59079782729,19
2014,Culengue,2,693.931787981692,1.187
2014,Dorado de altura,1,2203.31860668491,24.795
2014,Dorado de altura,2,6749.48851532345,0.338
2014,Dorado de altura,3,3691.12653181751,1
2014,Erizo,10,354.348147054481,0.8
2014,Erizo,12,862.812607003402,4122.1
2014,Erizo,14,369.112653181751,0.2
2014,Huaiquil o corvinilla,14,1476.450612727,0.5
2014,Huepo o navaja de mar,12,864.953983955903,80.11
2014,Huepo o navaja de mar,14,885.870367636203,0.42
2014,Huepo o navaja de mar,8,1247.60076775432,68.44
2014,Huiro,14,885.870367636203,0.06
2014,Huiro,2,118.11604901816,1.25
2014,Huiro,5,177.174073527241,1
2014,Huiro palo,2,358.175981976366,75.48
2014,Jaiba,8,1599.48816378759,1.4
2014,Jaiba limon,5,1328.8055514543,1.76
2014,Jaiba limon,8,959.692898272553,0.05
2014,Jaiba marmola,11,256.164181308135,NA
2014,Jaiba marmola,8,1230.23770854865,28.62
2014,Jaiba marmola,9,1107.33795954525,14
2014,Jaiba peluda ,15,1181.1604901816,0.02
2014,Jaiba peluda ,2,1156.55297996949,0.031
2014,Jaiba peluda ,4,2140.85338845416,0.185
2014,Jaiba peluda ,8,1235.07827922415,27.51
2014,Jaiba reina,14,767.754318618042,0.03
2014,Jaiba reina,8,1333.38763956277,133.53
2014,Jaiba remadora,8,1082.04571861419,32.62
2014,Jerguilla,15,2952.90122545401,0.03
2014,Jerguilla,4,1771.74073527241,0.04
2014,Jibia o calamar rojo,4,169.791820463606,147.078
2014,Jibia o calamar rojo,5,411.296956402523,28.4
2014,Jibia o calamar rojo,8,180.054952771586,818.21
2014,Jurel,15,1722.52571484817,0.09
2014,Jurel,2,3956.88764210837,0.5
2014,Jurel,3,2952.90122545401,1
2014,Jurel,4,2116.24587824204,1.64
2014,Jurel,8,804.665583936217,5.9
2014,Lapa,14,959.692898272553,0.2
2014,Lapa,15,1796.34824548452,0.08
2014,Lapa,2,1040.22656805766,1.015
2014,Lapa,8,1476.450612727,0.35
2014,Lapa negra,14,738.225306363502,200
2014,Lapa negra,2,822.593912805045,0.913
2014,Lenguado de ojos chicos,14,4060.23918499926,0.28
2014,Lenguado de ojos chicos,2,4521.63000147645,0.186
2014,Lenguado de ojos chicos,3,4429.35183818101,1
2014,Lenguado de ojos chicos,4,6644.02775727152,0.323
2014,Lenguado de ojos chicos,5,7382.25306363502,1
2014,Lenguado de ojos chicos,7,4798.46449136276,1.008
2014,Lenguado de ojos chicos,8,4031.8913332349,6.15
2014,Lenguado de ojos chicos,9,3691.12653181751,14
2014,Lisa,14,2067.03085781781,0.07
2014,Lisa,15,2251.58718440868,0.13
2014,Lisa,4,2214.67591909051,0.06
2014,Lisa,7,2214.67591909051,1
2014,Loco,14,11073.3795954525,NA
2014,Luche,2,590.580245090802,0.006
2014,Luga cuchara o corta,14,627.491510408977,300.5
2014,Luga cuchara o corta,8,250.996604163591,0.25
2014,Luga Luga,5,664.402775727152,1
2014,Luga negra o crespa,11,236.232098036321,39.19
2014,Luga negra o crespa,14,369.112653181751,300
2014,Luga negra o crespa,7,1107.33795954525,1
2014,Luga negra o crespa,8,273.143363354496,0.35
2014,Luga roja,11,413.406171563561,11.82
2014,Marlin,1,1476.450612727,0.2
2014,Merluza comun,4,2416.01009355328,3.7
2014,Merluza comun,5,1919.38579654511,2.1
2014,Merluza comun,7,1097.4826517053,30.069
2014,Merluza comun,8,1072.54507988882,NA
2014,Merluza comun,9,664.402775727152,1
2014,Merluza del sur,10,1240.21851469068,7.4
2014,Merluza del sur,11,1358.33456370884,NA
2014,Merluza del sur,12,1646.03151167451,32.04
2014,Navajuela,14,738.225306363502,0.08
2014,Navajuela,8,825.04060239185,129.85
2014,Ostion del sur,12,1154.79530066862,152.92
2014,Palometa,15,2657.61110290861,1.11
2014,Pampanito,14,125.498302081795,0.52
2014,Pejegallo,14,1476.450612727,1.02
2014,Pejegallo,15,2768.34489886313,0.09
2014,Pejegallo,4,2067.03085781781,0.034
2014,Pejegallo,5,738.225306363502,1
2014,Pejegallo,7,1033.5154289089,0.3
2014,Pejegallo,8,1191.00349426645,24.183
2014,Pejegallo,9,1134.53573399022,19
2014,Pejeperro,1,2214.67591909051,0.075
2014,Pejeperro,2,3691.12653181751,0.169
2014,Pejerrata,5,1181.1604901816,0.01
2014,Pejerrey de mar,1,1476.450612727,1.96
2014,Pejerrey de mar,10,472.464196072641,2
2014,Pejerrey de mar,12,2460.75102121167,2.05
2014,Pejerrey de mar,14,590.580245090802,0.5
2014,Pejerrey de mar,15,1790.19636793149,0.18
2014,Pejerrey de mar,8,709.399365829308,97.01
2014,Pelillo,14,81.2047836999852,1.3
2014,Pelillo,8,103.35154289089,0.8
2014,Pepino de mar,14,369.112653181751,0.03
2014,Picoroco,8,604.00252338832,2.47
2014,Piure,14,295.290122545401,0.5
2014,Piure,15,1233.89086920757,0.425
2014,Piure,8,571.482677382702,35.395
2014,Pulpo,1,1550.27314336335,0.515
2014,Pulpo,15,1476.450612727,0.02
2014,Pulpo,2,1823.41650671785,1.761
2014,Raya volantin,11,1439.53934740883,NA
2014,Reineta,10,885.870367636203,18.5
2014,Reineta,14,295.290122545401,2
2014,Reineta,8,1329.86015903482,464.88
2014,Reineta,9,1230.37551060584,18
2014,Robalo,12,1476.450612727,6.15
2014,Robalo,14,1181.1604901816,1.29
2014,Robalo,7,1771.74073527241,1
2014,Robalo,8,1133.85938721831,8.208
2014,Rococo,15,2542.77605525206,0.27
2014,Rococo,2,1771.74073527241,0.07
2014,Rollizo,14,1181.1604901816,0.02
2014,Rollizo,2,2583.78857227226,0.032
2014,Rollizo,3,1181.1604901816,1
2014,Rollizo,8,885.870367636203,0.02
2014,Roncacho,15,2952.90122545401,0.12
2014,Sardina austral,10,118.11604901816,2
2014,Sardina austral,11,73.8225306363502,351.99
2014,Sardina comun,14,125.498302081795,21.5
2014,Sardina comun,8,470.450854328014,182.98
2014,Sardina comun,9,1476.450612727,1
2014,Sargo,15,3248.19134799941,0.095
2014,Sargo,2,6090.35877749889,0.041
2014,Sierra,14,1476.450612727,0.6
2014,Sierra,2,1845.56326590876,0.02
2014,Sierra,4,1476.450612727,0.06
2014,Sierra,5,1402.62808209065,1.1
2014,Sierra,8,1211.98139672228,22.8
2014,Sierra,9,310.831707942527,19
2014,Taquilla,8,145.614941680201,131.84
2014,Tiburon o marrajo,1,2889.62477062285,1.554
2014,Tiburon o marrajo,15,2952.90122545401,0.12
2014,Tiburon o marrajo,2,2362.32098036321,1.05
2014,Tiburon o marrajo,5,1476.450612727,1.2
2014,Tollo,2,1845.56326590876,0.015
2014,Tollo,3,1033.5154289089,1
2014,Tollo,7,1181.1604901816,0.01
2014,Tollo,9,1181.1604901816,14
2014,Vieja o mulata,2,4429.35183818101,0.016
2015,Albacora o pez espada,1,3912.59412372656,6.92
2015,Albacora o pez espada,15,3248.19134799941,5.77
2015,Albacora o pez espada,2,2746.19813967223,6.55
2015,Albacora o pez espada,5,2952.90122545401,NA
2015,Albacora o pez espada,8,4872.28702199911,42.226
2015,Almeja,10,524.139967518087,202.307
2015,Almeja,11,590.580245090802,NA
2015,Almeja,12,801.501761194659,9.33
2015,Almeja,15,964.035400074691,1.045
2015,Almeja,2,1172.95798677756,6.584
2015,Almeja,3,1476.450612727,2.53
2015,Almeja,4,1476.450612727,0.03
2015,Almeja,7,1476.450612727,0.001
2015,Almeja,8,536.891131900729,1.612
2015,Almeja,9,542.595600177174,19.49
2015,Anchoveta,8,223.615156436654,89.5
2015,Apanado,2,4043.20321639087,5.208
2015,Apanado,3,1771.74073527241,0.11
2015,Atun aleta amarilla,1,1476.450612727,0.65
2015,Atun aleta amarilla,15,2214.67591909051,0.2
2015,Atun aleta amarilla,5,1771.74073527241,NA
2015,Atun aleta amarilla,8,1328.8055514543,0.235
2015,Atun aleta larga,8,1254.98302081795,0.02
2015,Atun chauchera,8,1254.98302081795,0.08
2015,Atun ojos grandes,5,1771.74073527241,NA
2015,Azulejo,1,1360.44377886988,6.061
2015,Azulejo,15,2067.03085781781,1.28
2015,Azulejo,2,885.870367636203,1.15
2015,Bacalao de profundidad,10,11368.6697179979,2.24
2015,Bacalao de profundidad,5,13435.7005758157,NA
2015,Bacalao de profundidad,8,13041.9804124219,3
2015,Blanquillo,3,2509.96604163591,0.365
2015,Blanquillo,4,3691.12653181751,0.03
2015,Blanquillo,8,578.276489984743,2
2015,Bonito,12,2214.67591909051,0.06
2015,Bonito,15,2624.80108929245,0.31
2015,Bonito,2,1845.56326590876,0.603
2015,Bonito,3,206.703085781781,4.046
2015,Breca,15,295.290122545401,0.02
2015,Breca,3,738.225306363502,0.062
2015,Cabinza,15,2399.23224568138,0.11
2015,Cabinza,4,1476.450612727,0.04
2015,Cabinza,8,1476.450612727,0.028
2015,Cabrilla,15,2952.90122545401,0.03
2015,Cabrilla,2,2897.53432747675,2.012
2015,Cabrilla,4,2657.61110290861,0.012
2015,Cabrilla,8,738.225306363502,0.02
2015,Cabrilla comun,1,2460.75102121167,0.22
2015,Cabrilla comun,2,2465.6725232541,6.47
2015,Cabrilla comun,3,1771.74073527241,1.046
2015,Cabrilla comun,8,2214.67591909051,0.36
2015,Caracol locate,15,1624.09567399971,0.18
2015,Caracol locate,2,5167.57714454452,0.764
2015,Caracol tegula,3,369.112653181751,0.763
2015,Caracol tegula,4,738.225306363502,0.025
2015,Caracol trumulco,10,246.56725232541,1.65
2015,Centolla,10,3970.01164755483,66.778
2015,Centolla,11,3543.48147054481,NA
2015,Centolla,12,5816.26286536199,761.25
2015,Centollon,12,908.584992447387,113.51
2015,Chasca,8,442.935183818101,0.4
2015,Cholga,10,247.551552733894,2.73
2015,Cholga,11,207.374199696657,NA
2015,Cholga,12,544.514985973719,21.23
2015,Cholga,15,1476.450612727,0.005
2015,Cholga,2,1195.92499630887,1.25
2015,Cholga,3,2067.03085781781,0.8
2015,Cholga,6,590.580245090802,0.5
2015,Cholga,7,479.846449136276,1.65
2015,Cholga,8,979.378906442246,4.12
2015,Chorito,10,209.387541441284,18.56
2015,Chorito,11,206.703085781781,NA
2015,Chorito,12,507.160785471726,2.85
2015,Chorito,7,639.893695555884,0.001
2015,Chorito,9,442.935183818101,2.9
2015,Choro,10,595.501747133225,4.4
2015,Choro,11,206.703085781781,NA
2015,Choro,15,698.361139819873,1.69
2015,Choro,2,738.225306363502,2
2015,Choro,6,738.225306363502,0.45
2015,Choro,7,689.059500959693,0.001
2015,Choro,8,1771.74073527241,0.08
2015,Cochayuyo,8,329.740636842364,22.53
2015,Cojinoba del norte,1,4232.49175648408,0.266
2015,Cojinoba del norte,15,2952.90122545401,0.06
2015,Cojinoba del norte,2,2779.0491658054,6.765
2015,Cojinoba del norte,3,2509.96604163591,7.45
2015,Cojinoba del norte,4,4134.06171563561,0.04
2015,Cojinoba del norte,7,2608.39608248437,0.003
2015,Cojinoba del norte,8,1476.450612727,2
2015,Cojinoba del norte,9,1476.450612727,2
2015,Congrio colorado,1,5905.80245090802,0.16
2015,Congrio colorado,15,3691.12653181751,0.7
2015,Congrio colorado,2,4729.73316973582,13.339
2015,Congrio colorado,3,3075.93877651459,21.537
2015,Congrio colorado,4,5659.72734878685,0.358
2015,Congrio colorado,5,5536.68979772627,NA
2015,Congrio colorado,8,3864.22763813723,9.887
2015,Congrio dorado,10,2067.03085781781,13.806
2015,Congrio dorado,11,1599.48816378759,NA
2015,Congrio dorado,12,1807.83175025018,24.2
2015,Congrio dorado,5,5905.80245090802,NA
2015,Congrio negro,1,3198.97632757518,0.14
2015,Congrio negro,15,2952.90122545401,0.07
2015,Congrio negro,3,2952.90122545401,0.03
2015,Congrio negro,4,3691.12653181751,0.03
2015,Congrio negro,5,1964.81504616748,NA
2015,Congrio negro,8,2603.92198971853,15.8
2015,Corvina,1,4675.42694030218,0.143
2015,Corvina,15,5167.57714454452,0.03
2015,Corvina,2,3632.06850730843,2.23
2015,Corvina,3,3691.12653181751,1.736
2015,Corvina,4,4060.23918499926,0.16
2015,Corvina,5,3576.29148416097,NA
2015,Corvina,6,4281.70677690831,0.46
2015,Corvina,7,3480.20501571365,2.005
2015,Corvina,8,3698.80407500369,13.47
2015,Corvina,9,2620.69983759043,8
2015,Culengue,10,639.795265515035,8.11
2015,Culengue,11,369.112653181751,NA
2015,Dorado,1,3395.83640927211,8.404
2015,Dorado,15,5905.80245090802,0.01
2015,Dorado,2,4402.01016016755,11.525
2015,Dorado,3,2214.67591909051,23.431
2015,Erizo,10,459.102318027462,1012.789
2015,Erizo,11,354.990082103493,NA
2015,Erizo,12,740.421053428583,2386.7
2015,Erizo,15,812.047836999853,0.15
2015,Erizo,2,743.498344266099,32.883
2015,Erizo,9,383.877159309021,9.503
2015,Huepo o navaja de mar,10,1254.98302081795,0.4
2015,Huepo o navaja de mar,12,891.530094984989,71.16
2015,Huepo o navaja de mar,8,1558.09833161081,123.45
2015,Huiro,1,162.40956739997,2.5
2015,Huiro,2,108.273044933314,27.35
2015,Huiro negro,1,221.467591909051,1.2
2015,Huiro negro,2,237.301989784674,1917.666
2015,Huiro palo,1,509.375461390816,4.5
2015,Huiro palo,2,394.827501353413,NA
2015,Jaiba limon,5,1409.33922123941,NA
2015,Jaiba limon,6,516.757714454452,0.3
2015,Jaiba limon,8,2214.67591909051,0.35
2015,Jaiba marmola,10,401.247166517574,24.82
2015,Jaiba marmola,11,304.685717353664,NA
2015,Jaiba marmola,5,1328.8055514543,NA
2015,Jaiba marmola,8,1417.39258821792,16.9
2015,Jaiba mora,3,442.935183818101,13.557
2015,Jaiba peluda,2,726.413701461686,8.549
2015,Jaiba peluda,3,442.935183818101,0.785
2015,Jaiba peluda,4,2214.67591909051,0.019
2015,Jaiba peluda,8,1577.83355480093,18.67
2015,Jaiba reina,8,1446.92160047246,19.9
2015,Jaiba remadora,8,1210.68950243614,14.6
2015,Jerguilla,15,1845.56326590876,0.04
2015,Jibia o calamar rojo,2,177.174073527241,0.592
2015,Jibia o calamar rojo,3,310.054628672671,16.615
2015,Jibia o calamar rojo,4,194.399330675722,88.809
2015,Jibia o calamar rojo,5,1835.01719010356,NA
2015,Jibia o calamar rojo,7,1476.450612727,1
2015,Jibia o calamar rojo,8,265.57655396427,796.066
2015,Juliana o tawera,10,221.467591909051,53.2
2015,Jurel,15,2214.67591909051,0.032
2015,Jurel,2,4429.35183818101,0.01
2015,Jurel,3,1673.31069442394,23.965
2015,Jurel,4,2952.90122545401,0.505
2015,Jurel,5,1328.8055514543,NA
2015,Jurel,8,614.669702456348,63.2
2015,Lapa negra,15,1542.07063995932,0.7
2015,Lapa negra,2,951.756976229145,39.217
2015,Lapa negra,3,1476.450612727,7.491
2015,Lapa negra,4,2214.67591909051,0.02
2015,Lapa negra,8,1624.09567399971,0.37
2015,Lenguado,15,4429.35183818101,0.07
2015,Lenguado,2,5042.646708083,4.42
2015,Lenguado,3,4552.3893892416,0.282
2015,Lenguado,4,6533.29396131699,0.047
2015,Lenguado,5,7698.63533779081,NA
2015,Lenguado,8,5979.62498154437,2.285
2015,Lisa,15,1956.29706186328,0.11
2015,Lisa,4,2657.61110290861,0.01
2015,Lisa,7,1961.57009976588,1.006
2015,Loco,7,3100.76037206555,8
2015,Loco,8,8499.07721836705,4
2015,Luga cuchara o corta,11,236.232098036321,NA
2015,Luga negra,10,738.225306363502,0.35
2015,Luga negra,11,236.232098036321,NA
2015,Luga negra,8,738.225306363502,6.09
2015,Luga roja,10,413.406171563561,11.9
2015,Luga roja,11,402.025198090457,NA
2015,Macha,10,1968.60081696934,2.5
2015,Macha,7,1131.99468477779,0.001
2015,Marlin,1,1328.8055514543,1.1
2015,Marlin,15,1328.8055514543,0.45
2015,Merluza comun,2,2436.14351099956,0.34
2015,Merluza comun,3,1708.46428044125,3.555
2015,Merluza comun,4,1933.36243171416,10.936
2015,Merluza comun,5,1457.99498006792,NA
2015,Merluza comun,6,835.022054481028,12.831
2015,Merluza comun,7,787.232893414554,36.07
2015,Merluza comun,8,986.981778562955,59.114
2015,Merluza comun,9,664.402775727152,2
2015,Merluza del sur,10,1537.9693882573,27.35
2015,Merluza del sur,11,1624.0956739997,NA
2015,Merluza del sur,12,1758.31845697489,16.6
2015,Navajuela,2,664.402775727152,1
2015,Navajuela,8,979.20313851216,571.772
2015,Ostion del Sur,12,1144.24922486343,449
2015,Palometa,15,2235.76807070089,2.28
2015,Palometa,4,4429.35183818101,0.06
2015,Pejegallo,10,687.604142498576,2.907
2015,Pejegallo,3,2214.67591909051,0.21
2015,Pejegallo,5,2214.67591909051,NA
2015,Pejegallo,7,1095.0342044392,0.006
2015,Pejegallo,8,1144.24922486343,2.35
2015,Pejegallo,9,1131.94546975737,12
2015,Pejeperro,2,4399.82282592647,4.768
2015,Pejeperro,3,2214.67591909051,0.224
2015,Pejerrey de mar,1,1476.450612727,0.58
2015,Pejerrey de mar,10,1240.21851469068,1.107
2015,Pejerrey de mar,12,4429.35183818101,0.37
2015,Pejerrey de mar,15,1476.450612727,0.035
2015,Pejerrey de mar,7,959.692898272553,0.001
2015,Pejerrey de mar,8,936.978273461368,NA
2015,Pelillo,2,108.835502309591,60.107
2015,Pelillo,8,103.35154289089,0.33
2015,Pez sol,8,738.225306363502,0.17
2015,Pichibueno,12,2952.90122545401,0.05
2015,Pichibueno,15,3322.01387863576,0.05
2015,Picoroco,4,738.225306363502,0.35
2015,Picoroco,8,695.5722886625,4.05
2015,Piure,12,1181.1604901816,0.13
2015,Piure,15,1162.70485752252,0.99
2015,Piure,2,1919.38579654511,1
2015,Piure,3,177.174073527241,27.114
2015,Piure,4,922.781632954378,0.56
2015,Piure,6,295.290122545401,0.4
2015,Piure,7,295.290122545401,0.8
2015,Piure,8,514.063192086225,20.05
2015,Pulpo,1,1722.52571484817,0.39
2015,Pulpo,15,2583.78857227226,0.07
2015,Pulpo,2,2624.95022571798,110.97
2015,Pulpo del Sur,10,1753.28510261332,1.788
2015,Pulpo del Sur,11,1402.62808209065,NA
2015,Puye,11,11811.604901816,NA
2015,Raya,11,1427.23559230277,NA
2015,Reineta,10,1439.53934740883,124.43
2015,Reineta,2,1771.74073527241,3
2015,Reineta,6,885.870367636203,0.512
2015,Reineta,7,1893.54791082238,6.06
2015,Reineta,8,1726.33987893105,902.99
2015,Reineta,9,1451.84310251489,6
2015,Robalo,10,3691.12653181751,0.57
2015,Robalo,11,1033.5154289089,NA
2015,Robalo,12,2509.96604163591,10
2015,Robalo,7,2214.67591909051,1
2015,Robalo,8,2976.52443525764,0.232
2015,Rococo,12,2214.67591909051,0.03
2015,Rococo,15,2425.59743519436,0.28
2015,Rollizo,3,3691.12653181751,0.134
2015,Rollizo,8,2952.90122545401,0.015
2015,Roncacho,15,1476.450612727,0.04
2015,Sardina austral,11,73.8225306363502,NA
2015,Sardina comun,8,223.615156436654,2943
2015,Sargo,12,3691.12653181751,0.03
2015,Sargo,15,3395.83640927211,0.11
2015,Sargo,2,3297.40636842364,0.066
2015,Sierra,10,1181.1604901816,1.8
2015,Sierra,3,1624.0956739997,1.165
2015,Sierra,4,2214.67591909051,0.225
2015,Sierra,5,1771.74073527241,NA
2015,Sierra,6,1476.450612727,0.66
2015,Sierra,7,1082.73044933314,0.003
2015,Sierra,8,1390.88678436087,23.745
2015,Sierra,9,375.82379233051,11
2015,Taquilla,8,209.387541441284,178.6
2015,Tiburon o marrajo,1,2940.59747034795,7.096
2015,Tiburon o marrajo,15,2805.25616418131,0.27
2015,Tiburon o marrajo,2,2288.49844972686,1.75
2015,Tiburon o marrajo,5,1624.0956739997,NA
2015,Tiburon o marrajo,8,1254.98302081795,0.606
2015,Tiburon sardinero,8,1008.90791869679,0.17
2015,Tollo o Fume,15,2952.90122545401,0.04
2015,Tollo o Fume,2,1820.95575569664,1.145
2015,Tollo o Fume,7,1082.73044933314,1.002
2015,Tollo o Fume,8,1181.1604901816,2
2015,Tollo o Fume,9,1168.85673507555,6
2015,Tomoyo,15,2952.90122545401,0.04
2015,Tomoyo,2,3691.12653181751,1.006
2015,Tumbao,10,317.436881736306,0.726
2015,Vidriola,1,4429.35183818101,0.037
2015,Vieja o mulata,12,1476.450612727,0.03
2015,Vieja o mulata,2,4675.42694030218,4.1
2015,Vieja o mulata,3,2214.67591909051,0.951
2015,Vieja o mulata,4,4429.35183818101,0.03
2015,Vilagay,1,2214.67591909051,0.41
2015,Vilagay,12,1771.74073527241,0.04
2015,Vilagay,15,2421.37900487229,0.17
2015,Vilagay,2,1476.450612727,1
2016,,3,5905.80245090802,NA
2016,Albacora o pez espada,1,4990.40307101727,10.57
2016,Albacora o pez espada,2,5183.98215135259,NA
2016,Albacora o pez espada,5,3395.83640927211,NA
2016,Albacora o pez espada,8,2971.3568581131,NA
2016,Almeja,1,738.225306363502,0.4
2016,Almeja,10,605.11760496996,35.36
2016,Almeja,11,590.580245090802,NA
2016,Almeja,12,723.460800236232,20.9
2016,Almeja,15,1410.83058549469,2.3
2016,Almeja,2,933.85501254983,2.002
2016,Almeja,3,1476.450612727,NA
2016,Almeja,8,871.105861508933,7.13
2016,Anchoveta,8,177.174073527241,172
2016,Apanado,2,4647.30407148833,NA
2016,Apanado,3,2620.69983759043,NA
2016,Atun aleta amarilla,5,1882.47453122693,NA
2016,Atun aleta larga,5,1771.74073527241,NA
2016,Azulejo,1,1804.55074888856,0.635
2016,Azulejo,15,2952.90122545401,0.08
2016,Azulejo,2,1476.450612727,0.12
2016,Bacalao de profundidad,1,6274.91510408977,0.08
2016,Bacalao de profundidad,5,12402.1851469068,NA
2016,Bacalao de profundidad,8,18529.4551897239,13
2016,BAGRE,15,2214.67591909051,0.3
2016,Bilagay,15,2829.86367439343,1.52
2016,Blanquillo,3,2952.90122545401,NA
2016,Blanquillo,8,738.225306363502,0.02
2016,Bonito,1,4626.21191987795,0.64
2016,Bonito,15,2014.30047879184,2.16
2016,Bonito,2,1808.65200059058,1.16
2016,Bonito,3,2952.90122545401,NA
2016,Breca o Bilagay,1,1697.91820463606,0.15
2016,Breca o Bilagay,2,1476.450612727,0.001
2016,Breca o Villagay,15,2952.90122545401,0.02
2016,Breca o Villagay,3,2952.90122545401,NA
2016,Caballa,15,2214.67591909051,0.13
2016,Caballa,3,1070.42669422708,NA
2016,Cabinza,15,1722.52571484817,0.49
2016,Cabrilla,2,4872.28702199911,0.003
2016,Cabrilla,8,1427.23559230277,0.06
2016,Cabrilla comun,1,2706.82612333284,0.27
2016,Cabrilla comun,2,2604.45888085044,NA
2016,Cabrilla comun,3,3374.74425766172,NA
2016,Cabrilla comun,8,2952.90122545401,0.23
2016,Caracol picuyo,10,369.112653181751,0.2
2016,Caracol tegula,3,738.225306363502,NA
2016,Centolla,10,4155.153867246,4.92
2016,Centolla,11,3060.27945183415,NA
2016,Centolla,12,7098.71809346801,514.82
2016,Centolla,14,3395.83640927211,1
2016,Centollon,12,1002.83293961317,NA
2016,Chascon o huiro negro,2,328.646969721826,NA
2016,Chascon o huiro negro,8,147.6450612727,30
2016,CHICOREA DE MAR,8,442.935183818101,0.86
2016,Cholga,10,242.137900487229,7.42
2016,Cholga,11,206.703085781781,NA
2016,Cholga,12,629.337073674886,11.79
2016,Cholga,14,516.757714454452,0.02
2016,Cholga,15,1328.8055514543,1
2016,Cholga,2,369.112653181751,1
2016,Cholga,3,1919.38579654511,NA
2016,Cholga,8,1808.65200059058,0.67
2016,Chorito,11,206.703085781781,NA
2016,Chorito,12,516.757714454452,127
2016,Chorito,14,442.935183818101,0.01
2016,Choro,10,492.150204242335,5.75
2016,Choro,11,206.703085781781,NA
2016,Choro,14,442.935183818101,0.01
2016,Choro,15,1476.450612727,0.62
2016,Cochayuyo,8,442.935183818101,13
2016,Cojinoba del norte,15,5905.80245090802,0.08
2016,Cojinoba del norte,2,3319.27971083441,NA
2016,Cojinoba del norte,3,3556.90374884233,NA
2016,Cojinoba del norte,9,1525.66563315124,6
2016,Congrio colorado,1,6644.02775727152,0.13
2016,Congrio colorado,14,3469.65893990846,0.05
2016,Congrio colorado,15,4429.35183818101,0.79
2016,Congrio colorado,2,4763.15806366712,NA
2016,Congrio colorado,3,4859.98326689306,NA
2016,Congrio colorado,5,5650.26292178219,NA
2016,Congrio colorado,8,3612.96149937902,1.945
2016,Congrio dorado,10,1882.47453122693,0.812
2016,Congrio dorado,11,1993.20832718146,NA
2016,Congrio dorado,12,2012.63530892786,95.49
2016,Congrio dorado,14,3617.30400118116,0.7
2016,Congrio negro,1,2436.14351099956,0.08
2016,Congrio negro,2,3986.41665436291,1
2016,Congrio negro,3,2583.78857227226,NA
2016,Congrio negro,5,3211.28008268123,NA
2016,Congrio negro,7,1476.450612727,0.001
2016,Congrio negro,8,2111.32437619962,3.38
2016,Corvina,1,6274.91510408977,0.27
2016,Corvina,14,2952.90122545401,1
2016,Corvina,15,5167.57714454452,0.08
2016,Corvina,2,7382.25306363502,0.002
2016,Corvina,3,4640.27335428487,NA
2016,Corvina,5,3414.2920419312,NA
2016,Corvina,7,3137.45755204488,2.02
2016,Corvina,8,4166.87172925177,13.035
2016,Corvina,9,2546.87730695408,8
2016,Culengue,10,387.568285840839,6.47
2016,Culengue,11,369.112653181751,NA
2016,Dorado,1,3981.94247211522,7.55
2016,Dorado,2,3711.49136785512,NA
2016,Dorado,3,4429.35183818101,NA
2016,Dorado,5,1697.91820463605,NA
2016,Emperador,15,2952.90122545401,0.05
2016,Erizo,1,1384.17244943157,0.03
2016,Erizo,10,516.757714454452,8.43
2016,Erizo,11,363.072627947868,NA
2016,Erizo,12,842.374930666677,NA
2016,Erizo,14,885.870367636203,0.06
2016,Erizo,2,663.418475318667,25
2016,Huepo o navaja de mar,10,1151.63147792706,9.25
2016,Huepo o navaja de mar,12,876.617943796447,NA
2016,Huepo o navaja de mar,8,1740.10250785683,157.8
2016,Huiro palo,2,329.276879919136,NA
2016,Huiro palo,8,118.11604901816,0.5
2016,Jaiba limon,5,1457.99498006792,NA
2016,Jaiba limon,6,1476.450612727,0.3
2016,Jaiba limon,8,1476.450612727,0.01
2016,Jaiba marmola,10,369.112653181751,13.103
2016,Jaiba marmola,11,250.996604163591,NA
2016,Jaiba marmola,8,1417.39258821792,6.8
2016,Jaiba mora,3,442.935183818101,NA
2016,Jaiba mora,8,2952.90122545401,0.02
2016,Jaiba peluda,8,1369.47505469578,7.29
2016,Jaiba reina,8,1433.63354495792,5.42
2016,Jaiba remadora,8,1224.58550820299,7.28
2016,Jerguilla,15,2952.90122545401,0.03
2016,Jibia o calamar rojo ,3,1476.450612727,NA
2016,Jibia o calamar rojo ,5,2714.20837639648,NA
2016,Jibia o calamar rojo ,7,590.580245090802,0.01
2016,Jibia o calamar rojo ,8,167.016093311679,439.7
2016,Juliana,10,NA,69.445
2016,Jurel,15,3137.45755204488,0.73
2016,Jurel,3,1345.21055826238,NA
2016,Jurel,5,1328.8055514543,NA
2016,Jurel,7,442.935183818101,0.001
2016,Jurel,8,793.592204340765,81.1
2016,Lapa negra,15,2399.23224568138,0.33
2016,Lapa negra,2,1075.41470305386,NA
2016,Lapa negra,3,1476.450612727,NA
2016,Lenguado,15,4429.35183818101,0.05
2016,Lenguado de ojos chicos,2,5400.70092550141,NA
2016,Lenguado de ojos chicos,3,8563.41355381663,NA
2016,Lenguado de ojos chicos,5,5372.43466706039,NA
2016,Lenguado de ojos chicos,8,4429.35183818101,0.015
2016,Lisa,15,2067.03085781781,0.1
2016,Lisa,7,1919.38579654511,1
2016,Loco,12,7783.84763029677,9.43
2016,Loco,8,369.112653181751,10.86
2016,Lucha cuchara o corta,11,428.170677690831,NA
2016,Luga cuchara o corta,8,442.935183818101,0.42
2016,Luga negra o crespa,10,326.295585412668,53.955
2016,Luga negra o crespa,11,226.568057662108,NA
2016,Luga negra o crespa,8,719.769673704415,29.14
2016,Macha,10,1771.74073527241,0.769
2016,Macha,2,1476.450612727,0.001
2016,Macha,3,3691.12653181751,NA
2016,Merluza comun,3,1691.2070654873,NA
2016,Merluza comun,5,1639.91478770749,NA
2016,Merluza comun,6,1079.40006890103,NA
2016,Merluza comun,7,753.046592562907,NA
2016,Merluza comun,8,1100.31552618094,72.9
2016,Merluza de tres aletas,15,3691.12653181751,0.7
2016,Merluza del sur,10,1504.50317436882,504.585
2016,Merluza del sur,11,1553.78850196509,NA
2016,Merluza del sur,12,1976.17235857307,16.15
2016,Navajuela,10,590.580245090802,1.21
2016,Navajuela,14,1033.5154289089,0.14
2016,Navajuela,2,668.093902258969,4
2016,Navajuela,3,1771.74073527241,NA
2016,Navajuela,8,1019.489148088,381.05
2016,Ostion del sur,11,1033.5154289089,NA
2016,Ostion del sur,12,1025.14887543678,NA
2016,Palometa,15,2425.59743519436,0.6
2016,Palometa,5,2362.32098036321,NA
2016,Pejegallo,10,672.605279131191,6.15
2016,Pejegallo,14,1107.33795954525,4.22
2016,Pejegallo,3,2583.78857227226,NA
2016,Pejegallo,7,1476.450612727,0.002
2016,Pejegallo,9,1181.1604901816,8
2016,Pejeperro,2,4414.58733205374,NA
2016,Pejeperro,3,2583.78857227226,NA
2016,Pejerrey de mar,1,3878.1436094296,0.344
2016,Pejerrey de mar,12,4023.32791968109,32.83
2016,Pejerrey de mar,14,590.580245090802,0.27
2016,Pejerrey de mar,15,1697.91820463606,0.83
2016,Pejerrey de mar,7,2214.67591909051,1
2016,Pejerrey de mar,8,854.232140220624,11.88
2016,Pejezorro,15,2952.90122545401,0.08
2016,Pelillo,10,88.5870367636203,7
2016,Pelillo,2,124.021851469068,5
2016,Pez Sol,15,5167.57714454452,0.02
2016,Picoroco,8,556.129730793838,NA
2016,Piure,15,1088.88232688617,2.64
2016,Piure,3,738.225306363502,NA
2016,Piure,8,502.561073947461,NA
2016,Pulpo,1,1712.68271076333,3.74
2016,Pulpo,15,2362.32098036321,0.08
2016,Pulpo,2,2399.23224568138,NA
2016,Pulpo del sur,10,1697.91820463606,3.715
2016,Pulpo del sur,11,1328.8055514543,NA
2016,Puye,11,12011.9803421147,NA
2016,Raya espinosa,14,2952.90122545401,0.02
2016,Raya espinosa,5,3100.54628672671,NA
2016,Raya volantin,11,2522.80474261614,NA
2016,Raya volantin,14,2952.90122545401,0.24
2016,Raya volantin,5,3100.54628672671,NA
2016,Reineta,10,2706.82612333284,3.52
2016,Reineta,7,1759.24769162625,NA
2016,Reineta,8,2264.87523992322,334.033
2016,Reineta,9,1378.02057187854,6
2016,Robalo,11,1033.5154289089,NA
2016,Robalo,12,2122.39775579507,10.773
2016,Robalo,14,1181.1604901816,0.03
2016,Robalo,8,2037.50184556327,0.405
2016,Rococo,15,2425.59743519436,0.32
2016,Rococo,7,2214.67591909051,1
2016,Rollizo,2,2214.67591909051,1
2016,Rollizo,3,3506.57020522664,NA
2016,Rollizo,8,2854.47118460554,0.085
2016,Roncacho,15,2288.49844972686,0.17
2016,Roncacho,2,1476.450612727,0.001
2016,Sardina austral o del sur,11,73.8225306363502,NA
2016,Sardina comun,10,88.5870367636203,60
2016,Sardina comun,8,172.74472168906,324
2016,Sargo,1,3691.12653181751,0.03
2016,Sargo,15,4060.23918499926,0.04
2016,Sargo,2,1181.1604901816,0.361
2016,Sierra,10,1181.1604901816,0.8
2016,Sierra,14,922.781632954378,1.05
2016,Sierra,3,2952.90122545401,NA
2016,Sierra,5,1912.67465739635,NA
2016,Sierra,6,1033.5154289089,NA
2016,Sierra,7,1333.50334885844,NA
2016,Sierra,8,1392.10837147497,15.822
2016,Sierra,9,324.63457847335,8
2016,Taquilla,8,203.672476629341,90
2016,Tiburon o marrajo,1,4060.23918499926,0.671
2016,Tiburon o marrajo,15,3137.45755204488,0.43
2016,Tiburon o marrajo,5,1747.13322506029,NA
2016,Tiburon sardinero,15,2952.90122545401,0.04
2016,Tollo,15,2214.67591909051,0.03
2016,Tollo,9,1070.42669422708,4
2016,Tomoyo,15,2952.90122545401,0.8
2016,Tomoyo,2,2952.90122545401,0.003
2016,Tumbao,10,280.525616418131,0.18
2016,Vidriola,1,3887.98612136424,0.18
2016,Vieja o mulata,2,4779.03750961636,NA
2016,Vieja o mulata,3,5167.57714454452,NA
2017,Acha o Hacha,1,10335.154289089,0.2
2017,Albacora o pez espada,1,5167.57714454452,4.07
2017,Albacora o pez espada,15,6090.35877749889,1.05
2017,Albacora o pez espada,2,3909.07876512483,NA
2017,Albacora o pez espada,3,3317.67137683362,NA
2017,Albacora o pez espada,5,3728.03779713569,NA
2017,Albacora o pez espada,8,3063.63502140853,216.85
2017,Almeja,1,738.225306363502,0.68
2017,Almeja,10,508.342298547129,389.92
2017,Almeja,11,561.051232836262,NA
2017,Almeja,12,1181.1604901816,1.8
2017,Almeja,14,1181.1604901816,0.02
2017,Almeja,15,1402.62808209065,0.62
2017,Almeja,3,1476.450612727,NA
2017,Almeja,5,1476.450612727,NA
2017,Anchoveta,3,206.703085781781,489.87
2017,Anchoveta,8,167.066065486263,NA
2017,Apanado,1,5935.33146316256,0.22
2017,Apanado,2,5905.80245090802,NA
2017,Apanado,3,3169.09577946046,NA
2017,Atun aleta amarilla,3,4429.35183818101,15.42
2017,Atun aleta amarilla,5,1181.1604901816,NA
2017,Azulejo,1,1358.33456370884,1.92
2017,Azulejo,15,2067.03085781781,0.55
2017,Azulejo,3,2608.39608248437,2.23
2017,Babunco o baunco,3,2952.90122545401,0.01
2017,Bacaladillo o mote,3,1476.450612727,17
2017,Bacalao de profundidad,1,17828.1411486786,2.75
2017,Bacalao de profundidad,10,17801.7759591656,47.25
2017,Bacalao de profundidad,14,17502.6508999638,22.46
2017,Bacalao de profundidad,2,14764.50612727,2
2017,Bacalao de profundidad,3,18849.3528224814,63.36
2017,Bacalao de profundidad,5,18701.7077612087,NA
2017,Bacalao de profundidad,8,16868.448250406,NA
2017,Besugo,14,1574.88065357547,763.03
2017,Bilagay,15,2214.67591909051,0.11
2017,Bilagay,3,2952.90122545401,0.01
2017,Blanquillo,3,3198.97632757518,0.26
2017,Bonito,1,2768.34489886313,0.74
2017,Bonito,15,2130.30731264896,0.79
2017,Bonito,3,3163.82274155787,0.81
2017,Breca o Vilagay,1,2952.90122545401,0.06
2017,Breca o Vilagay,3,2328.24904314643,NA
2017,Brotula,14,1796.34824548452,11.28
2017,Caballa,15,1460.04560591893,1.13
2017,Caballa,3,2602.24420493135,NA
2017,Cabinza,1,4429.35183818101,0.03
2017,Cabinza,15,1687.37212883086,0.35
2017,Cabinza,3,2214.67591909051,0.63
2017,Cabrilla,3,3248.19134799941,2.65
2017,Cabrilla,5,1402.62808209065,NA
2017,Cabrilla comun,1,3371.22889905999,0.28
2017,Cabrilla comun,15,3568.08898075693,0.39
2017,Cabrilla comun,2,2952.90122545401,NA
2017,Cabrilla comun,3,3002.11624587824,NA
2017,Cabrilla comun,8,2214.67591909051,0.03
2017,Caracol locate,1,191.938579654511,7.93
2017,Caracol palo palo,10,319.897632757518,0.7
2017,Caracol tegula,3,391.259412372656,NA
2017,Caracol trumulco,10,590.580245090802,0.7
2017,Centolla,10,5643.32234197877,1.92
2017,Centolla,11,2657.61110290861,NA
2017,Centolla,12,8834.68142585225,106.82
2017,Centolla,14,4872.28702199911,7.7
2017,Centollon,12,1099.95570648162,195.31
2017,Chascon o huiro negro,2,512.021929470233,NA
2017,Chascon o huiro negro,3,506.176485063241,NA
2017,Chascon o huiro negro,5,442.935183818101,NA
2017,Chicorea de mar,8,442.935183818101,NA
2017,Cholga,1,246.075102121167,3.2
2017,Cholga,10,225.494275398306,59.19
2017,Cholga,11,221.467591909051,NA
2017,Cholga,12,452.163000147645,24.5
2017,Cholga,8,1624.09567399971,0.35
2017,Chorito,10,265.761110290861,27.87
2017,Chorito,12,590.580245090802,0.5
2017,Chorito,14,885.870367636203,2.2
2017,Choro,1,265.761110290861,6.15
2017,Choro,10,473.629814977426,29.3
2017,Choro,11,221.467591909051,NA
2017,Choro,14,836.655347211969,1.3
2017,Choro,15,2103.94212313598,0.29
2017,Choro,2,442.935183818101,0.15
2017,Choro,8,147.6450612727,0.15
2017,Cochayuyo,14,752.989812490772,15.03
2017,Cochayuyo,5,590.580245090802,NA
2017,Cochayuyo,8,570.894236921108,0.44
2017,Cojinoba del norte,1,3543.48147054481,0.33
2017,Cojinoba del norte,15,2952.90122545401,0.15
2017,Cojinoba del norte,2,4429.35183818101,23
2017,Cojinoba del norte,3,3804.69965587343,NA
2017,Cojinoba del norte,9,1678.23219646636,15
2017,Congrio colorado,1,4921.50204242335,0.16
2017,Congrio colorado,14,3543.48147054481,35
2017,Congrio colorado,2,5854.69454508285,NA
2017,Congrio colorado,3,4506.68972741909,27.08
2017,Congrio colorado,5,6890.10285939269,NA
2017,Congrio colorado,7,4429.35183818101,NA
2017,Congrio colorado,8,3051.33126630248,NA
2017,Congrio dorado,10,1959.65263143766,2.35
2017,Congrio dorado,11,2067.03085781781,NA
2017,Congrio dorado,12,2965.23393057208,52.75
2017,Congrio dorado,14,3728.03779713569,394.79
2017,Congrio dorado,3,5167.57714454452,0.03
2017,Congrio negro,1,3543.48147054481,0.28
2017,Congrio negro,15,4429.35183818101,0.62
2017,Congrio negro,2,5167.57714454452,0.1
2017,Congrio negro,3,3892.46070628028,0.7
2017,Congrio negro,5,2952.90122545401,0.01
2017,Congrio negro,7,2067.03085781781,NA
2017,Congrio negro,8,1476.450612727,NA
2017,Corvina,1,5684.33485899897,0.14
2017,Corvina,10,2214.67591909051,2.21
2017,Corvina,14,2805.25616418131,411.35
2017,Corvina,15,3937.20163393868,0.29
2017,Corvina,3,4023.32791968109,NA
2017,Corvina,7,4045.47467887199,NA
2017,Corvina,8,3691.12653181751,NA
2017,Corvina,9,2535.64344359638,NA
2017,Culengue,10,540.750036911265,13.49
2017,Culengue,11,369.112653181751,NA
2017,Culengue,15,1181.1604901816,0.04
2017,Dorado de altura,1,3691.12653181751,0.8
2017,Dorado de altura,15,2214.67591909051,0.2
2017,Dorado de altura,2,3660.36714405236,NA
2017,Dorado de altura,3,3301.34357005758,NA
2017,Erizo,1,396.796102170382,11.77
2017,Erizo,10,570.773582413142,97.22
2017,Erizo,11,521.679216496875,NA
2017,Erizo,12,842.192037009695,1916.53
2017,Erizo,15,1181.1604901816,0.1
2017,Erizo,2,633.46762003192,NA
2017,Huepo o navaja de mar,10,1168.85673507555,23.49
2017,Huepo o navaja de mar,11,369.112653181751,NA
2017,Huepo o navaja de mar,12,878.488114572568,34.85
2017,Huepo o navaja de mar,8,1480.55186442902,NA
2017,Huiro,10,178.096855160195,107.63
2017,Huiro,2,333.02163820398,NA
2017,Huiro,3,272.651213150254,NA
2017,Huiro,5,250.996604163591,NA
2017,Huiro,8,140.262808209065,2.5
2017,Huiro palo,2,403.255573601063,NA
2017,Huiro palo,3,222.52219948957,NA
2017,Huiro palo,8,1328.8055514543,11
2017,Jaiba limon,5,1328.8055514543,NA
2017,Jaiba limon,7,1476.450612727,0.01
2017,Jaiba limon,8,2214.67591909051,0.3
2017,Jaiba marmola,10,356.19371032039,13.58
2017,Jaiba marmola,11,286.565641652014,NA
2017,Jaiba marmola,12,812.047836999853,2.06
2017,Jaiba marmola,14,738.225306363502,0.19
2017,Jaiba marmola,5,1328.8055514543,NA
2017,Jaiba marmola,8,1417.39258821792,0.3
2017,Jaiba mora,15,2952.90122545401,0.07
2017,Jaiba mora,3,1213.97050379776,7.11
2017,Jaiba mora,7,1476.450612727,NA
2017,Jaiba peluda,1,1092.57345341798,0.1
2017,Jaiba peluda,3,1771.74073527241,9.15
2017,Jaiba peluda,8,1531.29020691401,NA
2017,Jaiba reina,8,1446.92160047246,1.6
2017,Jaiba remadora,8,1210.68950243614,0.5
2017,Jerguilla,1,2952.90122545401,0.03
2017,Jerguilla,8,2214.67591909051,0.02
2017,Jibia o calamar rojo,14,531.522220581722,13.64
2017,Jibia o calamar rojo,5,467.542694030218,NA
2017,Jibia o calamar rojo,7,465.081943009006,NA
2017,Jibia o calamar rojo,8,395.241354934253,NA
2017,Juliana o tawera,10,280.525616418131,10.52
2017,Juliana o tawera,8,261.495808520761,267.29
2017,Jurel,15,2279.27063339731,1.2
2017,Jurel,3,2586.42509122356,NA
2017,Jurel,7,437.22624144889,NA
2017,Jurel,8,1002.50996604164,167
2017,Lapa,10,147.6450612727,0.1
2017,Lapa negra,1,1771.74073527241,0.27
2017,Lapa negra,15,2636.51895129822,0.53
2017,Lapa negra,2,1033.5154289089,NA
2017,Lapa negra,3,1356.48900044294,6.54
2017,Lapa negra,8,2214.67591909051,0.01
2017,Lenguado,15,4244.79551159014,0.15
2017,Lenguado,3,5167.57714454452,0.44
2017,Lenguado de ojos chicos,1,7382.25306363502,0.06
2017,Lenguado de ojos chicos,2,5867.28634796731,NA
2017,Lenguado de ojos chicos,3,5798.42422452787,NA
2017,Lenguado de ojos chicos,7,4429.35183818101,0.01
2017,Lenguado de ojos chicos,9,3322.01387863576,2
2017,Lisa,14,2952.90122545401,18.1
2017,Lisa,15,2952.90122545401,0.31
2017,Lisa,7,2362.32098036321,NA
2017,Loco,12,3990.84600620109,1.49
2017,Loco,14,2903.68620502978,10.49
2017,Luga cuchara o corta,14,590.580245090802,1.32
2017,Luga cuchara o corta,8,516.757714454452,NA
2017,Luga luga,5,590.580245090802,NA
2017,Luga negra o crespa,10,501.993208327181,55.7
2017,Luga negra o crespa,14,812.047836999853,10.67
2017,Luga negra o crespa,8,479.846449136276,12
2017,Luga roja,10,459.340190626179,72.6
2017,Luga roja,11,398.641665436291,NA
2017,Marlin,1,2657.61110290861,0.42
2017,Marlin,3,3346.62138884788,1.34
2017,Merluza comun,3,2241.52047568554,2.62
2017,Merluza comun,5,2416.01009355328,NA
2017,Merluza comun,6,790.955263546434,0.14
2017,Merluza comun,7,1272.24363706572,NA
2017,Merluza comun,8,1119.14956444707,NA
2017,Merluza de tres aletas,15,5167.57714454452,0.4
2017,Merluza del sur o austral,10,1650.94023059474,4.05
2017,Merluza del sur o austral,11,1624.0956739997,NA
2017,Merluza del sur o austral,12,2633.00359269649,7.73
2017,Navajuela,10,706.419152971641,23.03
2017,Navajuela,14,1181.1604901816,98.02
2017,Navajuela,8,851.793887494463,1134.48
2017,Ostion del sur,12,853.388454156209,162.24
2017,Palometa,15,5167.57714454452,0.1
2017,Palometa,3,2952.90122545401,0.1
2017,Pejegallo,10,810.993229419333,7.54
2017,Pejegallo,14,1513.36187804518,54.23
2017,Pejegallo,15,4429.35183818101,0.06
2017,Pejegallo,3,2648.92609930433,1.49
2017,Pejegallo,7,1345.21055826238,NA
2017,Pejegallo,9,1138.14208823806,NA
2017,Pejeperro,2,6459.47143068064,NA
2017,Pejeperro,3,4060.23918499926,0.16
2017,Pejerrey de mar,1,4429.35183818101,0.06
2017,Pejerrey de mar,14,1033.5154289089,162.2
2017,Pejerrey de mar,15,1845.56326590876,0.45
2017,Pejesapo,3,2952.90122545401,0.04
2017,Pejezorro,1,2952.90122545401,0.54
2017,Pelillo,10,93.5085388060436,41.58
2017,Pelillo,8,590.580245090802,0.4
2017,Pepino de mar,10,516.757714454452,10.19
2017,Pepino de mar,14,479.846449136276,5.5
2017,Pez sol,1,1476.450612727,0.18
2017,Pichibueno,15,3137.45755204488,0.19
2017,Picoroco,8,563.048783665245,NA
2017,Piure,10,147.6450612727,0.45
2017,Piure,14,487.228702199911,0.12
2017,Piure,15,516.757714454452,0.15
2017,Piure,3,178.516301356992,22.46
2017,Piure,8,330.497791002737,NA
2017,Pulpo,1,2641.20609610053,4.19
2017,Pulpo,15,3691.12653181751,0.07
2017,Pulpo,2,3047.90761270775,NA
2017,Pulpo,3,4576.99689945371,2.74
2017,Pulpo del sur ,10,1734.82946995423,8.59
2017,Puye,11,12549.8302081795,NA
2017,Raya espinosa,15,2952.90122545401,0.1
2017,Raya volantin,15,1476.450612727,0.6
2017,Reineta,10,2571.4848171662,41.41
2017,Reineta,14,2214.67591909051,207
2017,Reineta,5,2952.90122545401,NA
2017,Reineta,7,1226.6351690536,NA
2017,Reineta,8,3315.302739487,527.49
2017,Reineta,9,2524.08861271417,NA
2017,Robalo,10,664.402775727152,0.47
2017,Robalo,11,1033.5154289089,NA
2017,Robalo,12,2320.13667714244,2.4
2017,Robalo,8,1291.89428613613,0.18
2017,Rococo,15,2509.96604163591,0.77
2017,Rollizo,10,1845.56326590876,0.34
2017,Rollizo,15,2214.67591909051,0.06
2017,Rollizo,3,3395.83640927211,0.59
2017,Roncacho,15,2042.42334760569,0.29
2017,Sardina austral o del sur,10,88.5870367636203,30
2017,Sardina austral o del sur,11,83.6655347211969,NA
2017,Sardina comun,8,164.476598257788,NA
2017,Sargo,1,2952.90122545401,0.1
2017,Sargo,15,3691.12653181751,0.13
2017,Sargo,2,2362.32098036321,0.02
2017,Sargo,3,2583.78857227226,0.03
2017,Sierra,10,1550.27314336335,3.23
2017,Sierra,14,822.593912805045,761.96
2017,Sierra,3,1882.47453122693,NA
2017,Sierra,8,848.959102318028,6.26
2017,Sierra,9,353.005919224729,NA
2017,Taquilla,10,418.606230621586,31.23
2017,Tiburon o marrajo,1,3322.01387863576,0.84
2017,Tiburon o marrajo,15,3322.01387863576,0.82
2017,Tiburon o marrajo,3,2952.90122545401,1.57
2017,Tiburon o marrajo,5,1653.62468625425,NA
2017,Tollo,1,2214.67591909051,0.06
2017,Tollo,15,2067.03085781781,0.17
2017,Tollo,3,2552.15034485668,0.41
2017,Tollo,7,1365.71681677248,NA
2017,Tollo,9,1117.55954071029,NA
2017,Tomoyo,15,5905.80245090802,0.12
2017,Toremo,9,413.406171563561,1
2017,Tumbao,10,322.709919638902,9.64
2017,Vidriola,3,3322.01387863576,0.42
2017,Vidriola,5,2362.32098036321,NA
2017,Vieja o mulata,2,5167.57714454452,NA
2017,Vieja o mulata,3,3906.44224617353,NA
